Stock Name,Sector,Classification,Month,Net Qty Sold,Approx. Sell Value(In Rs. cr) *
State Bank Of India,Financials,Large-Cap,February-2026,77546101,8836.07
Larsen & Toubro Ltd.,Infrastructure,Large-Cap,February-2026,6349874,2606.95
Bajaj Finance Ltd.,Financials,Large-Cap,February-2026,22410432,2158.02
Power Grid Corporation Of India Ltd.,Energy,Large-Cap,February-2026,77056260,2138.87
Vedanta Ltd.,Metals,Large-Cap,February-2026,26348909,1844.36
Bharat Electronics Ltd.,Capital Goods,Large-Cap,February-2026,35152509,1570.75
JIO Financial Services Ltd.,Financials,Large-Cap,February-2026,57439536,1464.42
APL Apollo Tubes Ltd.,Metals,Mid-Cap,February-2026,6719625,1438.1
Maruti Suzuki India Ltd.,Automobile and Ancillaries,Large-Cap,February-2026,893974,1316.69
Godrej Properties Ltd.,Construction,Mid-Cap,February-2026,7827872,1294.65
Sun Pharmaceutical Industries Ltd.,Healthcare,Large-Cap,February-2026,7626908,1270.79
BSE Ltd.,Financials,Large-Cap,February-2026,4459467,1227.27
Aditya Birla Capital Ltd.,Financials,Mid-Cap,February-2026,34989184,1197.07
NTPC Ltd.,Energy,Large-Cap,February-2026,31621443,1166.64
Axis Bank Ltd.,Financials,Large-Cap,February-2026,8266522,1138.42
Polycab India Ltd.,Capital Goods,Large-Cap,February-2026,1390585,1086.32
HDFC Asset Management Company Ltd.,Financials,Large-Cap,February-2026,4154061,1083.03
Mahindra & Mahindra Ltd.,Automobile and Ancillaries,Large-Cap,February-2026,3147707,1074.87
Reliance Industries Ltd.,Energy,Large-Cap,February-2026,7484442,1043.86
Hindalco Industries Ltd.,Metals,Large-Cap,February-2026,10947255,1033.04
Indian Oil Corporation Ltd.,Energy,Large-Cap,February-2026,55820494,978.83
Max Financial Services Ltd.,Financials,Mid-Cap,February-2026,5536508,948.68
Bharat Forge Ltd.,Automobile and Ancillaries,Mid-Cap,February-2026,5628128,943.44
Wipro Ltd.,Technology,Large-Cap,February-2026,40285801,881.98
Aurobindo Pharma Ltd.,Healthcare,Mid-Cap,February-2026,6386352,775.34
GE Vernova T&D India Ltd.,Capital Goods,Mid-Cap,February-2026,2085499,738.32
Shriram Finance Ltd.,Financials,Large-Cap,February-2026,6956679,730.24
Eicher Motors Ltd.,Automobile and Ancillaries,Large-Cap,February-2026,957944,724.83
Tata Steel Ltd.,Metals,Large-Cap,February-2026,32380762,656.45
Marico Ltd.,FMCG,Mid-Cap,February-2026,8085477,613.87
Trent Ltd.,Retail and Other Services,Large-Cap,February-2026,1328849,510.62
Hindustan Petroleum Corporation Ltd.,Energy,Mid-Cap,February-2026,11561804,500.48
Tata Motors Ltd.,Automobile and Ancillaries,Large-Cap,February-2026,10130285,488.18
Bank Of India,Financials,Mid-Cap,February-2026,28636475,487.04
Varun Beverages Ltd.,FMCG,Large-Cap,February-2026,9854558,454.62
Union Bank Of India,Financials,Large-Cap,February-2026,23166603,443.67
Dixon Technologies (India) Ltd.,Consumer Durables,Mid-Cap,February-2026,413620,433.76
Pidilite Industries Ltd.,Chemicals,Large-Cap,February-2026,2941843,429.96
Apollo Hospitals Enterprise Ltd.,Healthcare,Large-Cap,February-2026,549941,406.46
Power Finance Corporation Ltd.,Financials,Large-Cap,February-2026,10050179,398.55
Samvardhana Motherson International Ltd.,Automobile and Ancillaries,Large-Cap,February-2026,32156408,395.91
ITC Ltd.,FMCG,Large-Cap,February-2026,11762880,373.92
Aegis Logistics Ltd.,Miscellaneous,Small-Cap,February-2026,5176461,367.26
ICICI Prudential Asset Management Company Ltd.,Financials,Large-Cap,February-2026,1176615,357.97
Lupin Ltd.,Healthcare,Mid-Cap,February-2026,1581986,352.36
Torrent Pharmaceuticals Ltd.,Healthcare,Large-Cap,February-2026,842269,349.29
Torrent Power Ltd.,Energy,Mid-Cap,February-2026,2277755,336.42
IDFC First Bank Ltd.,Financials,Mid-Cap,February-2026,41894504,329
Lodha Developers Ltd.,Construction,Large-Cap,February-2026,3304506,323.8
Ultratech Cement Ltd.,Construction,Large-Cap,February-2026,245228,311.1
Dr. Reddy's Laboratories Ltd.,Healthcare,Mid-Cap,February-2026,2397047,300.16
NMDC Ltd.,Energy,Mid-Cap,February-2026,36410582,296.66
FSN E-Commerce Ventures Ltd.,Retail and Other Services,Mid-Cap,February-2026,11428166,287.41
Amber Enterprises India Ltd.,Consumer Durables,Small-Cap,February-2026,396989,271.74
TVS Motor Company Ltd.,Automobile and Ancillaries,Large-Cap,February-2026,682215,257.44
Indus Towers Ltd.,Media and Communications,Large-Cap,February-2026,5592855,251.47
JSW Energy Ltd.,Energy,Mid-Cap,February-2026,4764724,225.74
Cipla Ltd.,Healthcare,Large-Cap,February-2026,1674016,223.67
Dabur India Ltd.,FMCG,Mid-Cap,February-2026,4362255,223.59
Blue Star Ltd.,Consumer Durables,Mid-Cap,February-2026,1181100,221.93
Divi's Laboratories Ltd.,Healthcare,Large-Cap,February-2026,351649,219.07
Godrej Consumer Products Ltd.,FMCG,Large-Cap,February-2026,1843476,218.6
Indraprastha Gas Ltd.,Energy,Small-Cap,February-2026,12359155,215.51
Balkrishna Industries Ltd.,Automobile and Ancillaries,Mid-Cap,February-2026,898804,210.76
The Indian Hotels Company Ltd.,Travel,Mid-Cap,February-2026,3101648,208
Suzlon Energy Ltd.,Capital Goods,Mid-Cap,February-2026,45523314,205.63
Jamna Auto Industries Ltd.,Automobile and Ancillaries,Small-Cap,February-2026,14932931,202.93
LIC Housing Finance Ltd.,Financials,Small-Cap,February-2026,3537832,188.22
GMR Airports Ltd.,Infrastructure,Mid-Cap,February-2026,19167480,186.42
REC Ltd.,Financials,Mid-Cap,February-2026,5105705,182.25
HEG Ltd.,Capital Goods,Small-Cap,February-2026,3223800,180.48
Cholamandalam Investment and Finance Company Ltd.,Financials,Large-Cap,February-2026,1060397,178.27
Central Depository Services (India) Ltd.,Financials,Small-Cap,February-2026,1363570,176.75
Escorts Kubota Ltd.,Automobile and Ancillaries,Mid-Cap,February-2026,485179,167.37
Tech Mahindra Ltd.,Technology,Large-Cap,February-2026,1070785,166.02
SBI Life Insurance Company Ltd.,Financials,Large-Cap,February-2026,821398,165.75
Muthoot Finance Ltd.,Financials,Large-Cap,February-2026,459123,164.9
Tata Elxsi Ltd.,Technology,Small-Cap,February-2026,331134,162.86
Kwality Wall's (India) Ltd.,FMCG,Small-Cap,February-2026,47996128,162.56
LTM Ltd.,Technology,Large-Cap,February-2026,304067,158.67
Kaynes Technology India Ltd.,Capital Goods,Small-Cap,February-2026,428195,156.97
ZF Commercial Vehicle Control Systems India Ltd.,Automobile and Ancillaries,Small-Cap,February-2026,100383,151.34
BlackBuck Ltd.,Logistics,Small-Cap,February-2026,2601382,148.64
CG Power and Industrial Solutions Ltd.,Capital Goods,Large-Cap,February-2026,2204581,144.32
The Great Eastern Shipping Company Ltd.,Logistics,Small-Cap,February-2026,1090417,138.55
Lemon Tree Hotels Ltd.,Travel,Small-Cap,February-2026,11344179,137.7
Karur Vysya Bank Ltd.,Financials,Small-Cap,February-2026,4374740,137.28
Granules India Ltd.,Healthcare,Small-Cap,February-2026,2327590,134.17
Nuvama Wealth Management Ltd.,Financials,Small-Cap,February-2026,981889,127.17
Star Cement Ltd.,Construction,Small-Cap,February-2026,5829384,126.55
Alkem Laboratories Ltd.,Healthcare,Mid-Cap,February-2026,221129,125.13
NBCC (India) Ltd.,Capital Goods,Small-Cap,February-2026,12893609,123.48
Mazagon Dock Shipbuilders Ltd.,Automobile and Ancillaries,Mid-Cap,February-2026,510935,122.57
Kirloskar Oil Engines Ltd.,Capital Goods,Small-Cap,February-2026,874879,112.3
KPIT Technologies Ltd.,Technology,Small-Cap,February-2026,1162844,105.41
Voltas Ltd.,Consumer Durables,Mid-Cap,February-2026,712166,102.88
AU Small Finance Bank Ltd.,Financials,Mid-Cap,February-2026,1045667,101.47
Delhivery Ltd.,Logistics,Small-Cap,February-2026,2343116,100.33
Housing & Urban Development Corporation Ltd.,Financials,Mid-Cap,February-2026,5186893,98.14
Patanjali Foods Ltd.,FMCG,Mid-Cap,February-2026,1946003,98.12
AWL Agri Business Ltd.,FMCG,Small-Cap,February-2026,4777564,96.28
Indian Energy Exchange Ltd.,Energy,Small-Cap,February-2026,7515656,94.86
Ceat Ltd.,Automobile and Ancillaries,Small-Cap,February-2026,250322,91.28
Oracle Financial Services Software Ltd.,Technology,Mid-Cap,February-2026,119855,88.05
Life Insurance Corporation of India,Financials,Large-Cap,February-2026,1011759,84.68
Godfrey Phillips India Ltd.,FMCG,Mid-Cap,February-2026,401322,83.29
Bharat Dynamics Ltd.,Capital Goods,Mid-Cap,February-2026,583321,81.76
JK Lakshmi Cement Ltd.,Construction,Small-Cap,February-2026,1084805,80.83
RR Kabel Ltd.,Capital Goods,Small-Cap,February-2026,522920,76.77
Clean Science And Technology Ltd.,Chemicals,Small-Cap,February-2026,951496,75.94
Jubilant FoodWorks Ltd.,FMCG,Mid-Cap,February-2026,1493053,75.92
The Phoenix Mills Ltd.,Construction,Mid-Cap,February-2026,453874,75.55
Nirlon Ltd.,Infrastructure,Small-Cap,February-2026,1427423,71.17
Firstsource Solutions Ltd.,Technology,Small-Cap,February-2026,2594950,69.16
eClerx Services Ltd.,Technology,Small-Cap,February-2026,170462,66.68
PI Industries Ltd.,Chemicals,Mid-Cap,February-2026,205518,64.87
Ajanta Pharma Ltd.,Healthcare,Mid-Cap,February-2026,222397,64.23
Route Mobile Ltd.,Technology,Small-Cap,February-2026,1138170,62.78
PNC Infratech Ltd.,Infrastructure,Small-Cap,February-2026,2845780,60.47
Hindustan Copper Ltd.,Metals,Mid-Cap,February-2026,963295,60.31
OLA Electric Mobility Ltd.,Automobile and Ancillaries,Small-Cap,February-2026,20843496,59.98
Cochin Shipyard Ltd.,Automobile and Ancillaries,Mid-Cap,February-2026,378855,59.7
Bajaj Housing Finance Ltd.,Financials,Mid-Cap,February-2026,6481711,57.65
Acutaas Chemicals Ltd.,Healthcare,Small-Cap,February-2026,277144,56.42
Ramco Systems Ltd.,Technology,Small-Cap,February-2026,1224579,55.87
Kalyan Jewellers India Ltd.,Retail and Other Services,Mid-Cap,February-2026,1413126,54.53
NLC India Ltd.,Energy,Mid-Cap,February-2026,2073498,53.82
Newgen Software Technologies Ltd.,Technology,Small-Cap,February-2026,976496,53.26
Syrma SGS Technology Ltd.,Capital Goods,Small-Cap,February-2026,664891,52.63
Engineers India Ltd.,Infrastructure,Small-Cap,February-2026,2665732,52.54
City Union Bank Ltd.,Financials,Small-Cap,February-2026,1729208,50.56
Shakti Pumps (India) Ltd.,Capital Goods,Small-Cap,February-2026,886849,50.41
Indiamart Intermesh Ltd.,Retail and Other Services,Small-Cap,February-2026,230455,49.94
Vardhman Textiles Ltd.,Textile,Small-Cap,February-2026,1021838,49.81
Oswal Pumps Ltd.,Capital Goods,Small-Cap,February-2026,1398265,49.75
Whirlpool Of India Ltd.,Consumer Durables,Small-Cap,February-2026,578958,49.2
Varroc Engineering Ltd.,Automobile and Ancillaries,Small-Cap,February-2026,874870,48.9
Ahluwalia Contracts (India) Ltd.,Construction,Small-Cap,February-2026,593898,48.6
Honeywell Automation India Ltd.,Consumer Durables,Small-Cap,February-2026,14930,48.04
Ashok Leyland Ltd.,Automobile and Ancillaries,Mid-Cap,February-2026,2341969,47.75
JK Tyre & Industries Ltd.,Automobile and Ancillaries,Small-Cap,February-2026,935024,47.72
The Federal Bank Ltd.,Financials,Mid-Cap,February-2026,1606305,47.19
Pfizer Ltd.,Healthcare,Small-Cap,February-2026,97109,46.74
Atul Ltd.,Chemicals,Small-Cap,February-2026,72425,46.67
SBI Cards And Payment Services Ltd.,Financials,Mid-Cap,February-2026,601231,45.93
Sansera Engineering Ltd.,Automobile and Ancillaries,Small-Cap,February-2026,222760,45.41
Privi Speciality Chemicals Ltd.,Chemicals,Small-Cap,February-2026,154929,45.33
Garware Hi-Tech Films Ltd.,Consumer Durables,Small-Cap,February-2026,123883,44.76
DLF Ltd.,Construction,Large-Cap,February-2026,717949,44.5
Canara Robeco Asset Management Co Ltd.,Financials,Small-Cap,February-2026,1755574,44.09
Transformers & Rectifiers (India) Ltd.,Capital Goods,Small-Cap,February-2026,1606712,43.89
V.S.T. Tillers Tractors Ltd.,Automobile and Ancillaries,Small-Cap,February-2026,77580,43.83
Zee Entertainment Enterprises Ltd.,Media and Communications,Small-Cap,February-2026,5051482,43.4
CCL Products (India) Ltd.,FMCG,Small-Cap,February-2026,427100,42.4
Sonata Software Ltd.,Technology,Small-Cap,February-2026,1431422,41.9
Wockhardt Ltd.,Healthcare,Small-Cap,February-2026,294191,40.36
Linde India Ltd.,Energy,Mid-Cap,February-2026,62854,40.03
National Securities Depository Ltd.,Financials,Small-Cap,February-2026,414458,39.29
Acme Solar Holdings Ltd.,Energy,Small-Cap,February-2026,1671630,38.6
Deepak Fertilisers And Petrochemicals Corporation Ltd.,Chemicals,Small-Cap,February-2026,370199,37.98
RBL Bank Ltd.,Financials,Small-Cap,February-2026,1201595,37.16
S.P. Apparels Ltd.,Textile,Small-Cap,February-2026,536631,37.07
Cummins India Ltd.,Automobile and Ancillaries,Large-Cap,February-2026,80872,36.44
Yes Bank Ltd.,Financials,Mid-Cap,February-2026,17228532,36.29
Physicswallah Ltd.,Retail and Other Services,Small-Cap,February-2026,3514389,36.2
Shaily Engineering Plastics Ltd.,Consumer Durables,Small-Cap,February-2026,184006,35.55
Lloyds Metals & Energy Ltd.,Metals,Mid-Cap,February-2026,296982,34.7
Indian Railway Finance Corporation Ltd.,Financials,Large-Cap,February-2026,3098244,34.65
Amara Raja Energy & Mobility Ltd.,Automobile and Ancillaries,Small-Cap,February-2026,402526,33.9
Techno Electric & Engineering Company Ltd.,Infrastructure,Small-Cap,February-2026,315283,33.86
JB Chemicals & Pharmaceuticals Ltd.,Healthcare,Small-Cap,February-2026,168510,33.05
Go Fashion (India) Ltd.,Retail and Other Services,Small-Cap,February-2026,944632,32.93
PN Gadgil Jewellers Ltd.,Retail and Other Services,Small-Cap,February-2026,594120,32.73
L&T Finance Ltd.,Financials,Mid-Cap,February-2026,1140214,32.51
CIE Automotive India Ltd.,Automobile and Ancillaries,Small-Cap,February-2026,720213,32.04
Samhi Hotels Ltd.,Travel,Small-Cap,February-2026,1918875,31.84
Jupiter Life Line Hospitals Ltd.,Healthcare,Small-Cap,February-2026,241501,31.55
SJVN Ltd.,Energy,Small-Cap,February-2026,4312814,31.38
EIH Ltd.,Travel,Small-Cap,February-2026,987001,31
TVS Holdings Ltd.,Financials,Small-Cap,February-2026,20367,30.72
Emami Ltd.,FMCG,Small-Cap,February-2026,637554,30.17
Mahindra & Mahindra Financial Services Ltd.,Financials,Mid-Cap,February-2026,775992,29.09
KSB Ltd.,Capital Goods,Small-Cap,February-2026,388977,28.75
Angel One Ltd.,Financials,Small-Cap,February-2026,1177308,28.68
Persistent Systems Ltd.,Technology,Mid-Cap,February-2026,53076,28.58
KFin Technologies Ltd.,Financials,Small-Cap,February-2026,287182,28.3
PNB Housing Finance Ltd.,Financials,Small-Cap,February-2026,339486,27.96
Tenneco Clean Air India Ltd.,Automobile and Ancillaries,Small-Cap,February-2026,504697,27.85
Zensar Technologies Ltd.,Technology,Small-Cap,February-2026,443743,26.96
Manorama Industries Ltd.,FMCG,Small-Cap,February-2026,193329,26.84
Cello World Ltd.,Miscellaneous,Small-Cap,February-2026,569714,26.06
Power Mech Projects Ltd.,Infrastructure,Small-Cap,February-2026,124093,25.76
Sterlite Technologies Ltd.,Capital Goods,Small-Cap,February-2026,1897433,25.19
Bata India Ltd.,FMCG,Small-Cap,February-2026,303651,25.04
Akums Drugs & Pharmaceuticals Ltd.,Healthcare,Small-Cap,February-2026,537053,24.91
Colgate-Palmolive (India) Ltd.,FMCG,Mid-Cap,February-2026,112349,24.54
Praj Industries Ltd.,Capital Goods,Small-Cap,February-2026,788192,23.96
Glenmark Pharmaceuticals Ltd.,Healthcare,Mid-Cap,February-2026,114993,23.88
Aegis Vopak Terminals Ltd.,Miscellaneous,Small-Cap,February-2026,1045126,23.77
United Spirits Ltd.,FMCG,Mid-Cap,February-2026,172540,23.67
Sri Lotus Developers And Realty Ltd.,Construction,Small-Cap,February-2026,1603562,23.35
Gateway Distriparks Ltd.,Logistics,Small-Cap,February-2026,3971522,23.32
Blue Jet Healthcare Ltd.,Healthcare,Small-Cap,February-2026,559287,23.02
Indo Count Industries Ltd.,Textile,Small-Cap,February-2026,916545,22.98
Petronet LNG Ltd.,Energy,Mid-Cap,February-2026,748283,22.94
Stanley Lifestyles Ltd.,FMCG,Small-Cap,February-2026,1313637,22.72
Zaggle Prepaid Ocean Services Ltd.,Technology,Small-Cap,February-2026,871655,22.27
Vikran Engineering Ltd.,Infrastructure,Small-Cap,February-2026,2828868,22.19
Happiest Minds Technologies Ltd.,Technology,Small-Cap,February-2026,562821,21.76
AIA Engineering Ltd.,Automobile and Ancillaries,Mid-Cap,February-2026,55249,21.66
BASF India Ltd.,Chemicals,Small-Cap,February-2026,60409,21.44
Tata Technologies Ltd.,Technology,Small-Cap,February-2026,346249,21.32
Devyani International Ltd.,FMCG,Small-Cap,February-2026,1700145,20.71
Home First Finance Company India Ltd.,Financials,Small-Cap,February-2026,182981,20.69
Poly Medicure Ltd.,Healthcare,Small-Cap,February-2026,143241,19.89
Hawkins Cookers Ltd.,Consumer Durables,Small-Cap,February-2026,26322,19.57
Seshaasai Technologies Ltd.,Financials,Small-Cap,February-2026,762228,18.75
Entero Healthcare Solutions Ltd.,Miscellaneous,Small-Cap,February-2026,173473,18.53
Greenpanel Industries Ltd.,Construction,Small-Cap,February-2026,839932,18.26
VST Industries Ltd.,FMCG,Small-Cap,February-2026,773364,18.12
Concord Biotech Ltd.,Healthcare,Small-Cap,February-2026,148058,17.74
Jyoti CNC Automation Ltd.,Capital Goods,Small-Cap,February-2026,217881,17.72
Unicommerce eSolutions Ltd.,Technology,Small-Cap,February-2026,1641654,17.38
Stylam Industries Ltd.,Construction,Small-Cap,February-2026,74769,16.6
VIP Industries Ltd.,Retail and Other Services,Small-Cap,February-2026,447265,16.39
Sudeep Pharma Ltd.,Healthcare,Small-Cap,February-2026,258836,16.15
Navin Fluorine International Ltd.,Chemicals,Small-Cap,February-2026,25778,15.93
KEI Industries Ltd.,Capital Goods,Mid-Cap,February-2026,34900,15.88
Senco Gold Ltd.,Retail and Other Services,Small-Cap,February-2026,497447,15.54
The South Indian Bank Ltd.,Financials,Small-Cap,February-2026,3924691,15.45
Texmaco Rail & Engineering Ltd.,Automobile and Ancillaries,Small-Cap,February-2026,1324803,15.4
Quadrant Future Tek Ltd.,Capital Goods,Small-Cap,February-2026,504877,15.11
Grindwell Norton Ltd.,Capital Goods,Small-Cap,February-2026,87036,13.95
Neogen Chemicals Ltd.,Chemicals,Small-Cap,February-2026,103501,13.87
Rishabh Instruments Ltd.,Capital Goods,Small-Cap,February-2026,341072,13.43
ICRA Ltd.,Miscellaneous,Small-Cap,February-2026,22660,13.41
Birlasoft Ltd.,Technology,Small-Cap,February-2026,326725,13.2
Titagarh Rail Systems Ltd.,Automobile and Ancillaries,Small-Cap,February-2026,173339,13.19
Sharda Cropchem Ltd.,Chemicals,Small-Cap,February-2026,115498,12.86
Bharat Coking Coal Ltd.,Energy,Small-Cap,February-2026,3525901,12.79
Glaxosmithkline Pharmaceuticals Ltd.,Healthcare,Mid-Cap,February-2026,51076,12.7
The Anup Engineering Ltd.,Capital Goods,Small-Cap,February-2026,75015,12.54
KNR Constructions Ltd.,Infrastructure,Small-Cap,February-2026,890785,12.51
Anant Raj Ltd.,Construction,Small-Cap,February-2026,241838,12.5
Deepak Nitrite Ltd.,Chemicals,Small-Cap,February-2026,76803,12.38
Rubicon Research Ltd.,Miscellaneous,Small-Cap,February-2026,169743,12.34
Awfis Space Solutions Ltd.,Miscellaneous,Small-Cap,February-2026,360853,12.28
Triveni Engineering & Industries Ltd.,FMCG,Small-Cap,February-2026,317657,12.23
Jagran Prakashan Ltd.,Media and Communications,Small-Cap,February-2026,1871242,12.17
Ceigall India Ltd.,Infrastructure,Small-Cap,February-2026,435590,12.07
Gokaldas Exports Ltd.,Textile,Small-Cap,February-2026,198823,11.83
SpiceJet Ltd.,Travel,Small-Cap,February-2026,6087295,11.82
V-Mart Retail Ltd.,Retail and Other Services,Small-Cap,February-2026,194822,11.55
Ellenbarrie Industrial Gases Ltd.,Energy,Small-Cap,February-2026,435891,10.91
Castrol India Ltd.,Automobile and Ancillaries,Small-Cap,February-2026,582224,10.8
Garware Technical Fibres Ltd.,Textile,Small-Cap,February-2026,163343,10.59
Lumax Auto Technologies Ltd.,Automobile and Ancillaries,Small-Cap,February-2026,67666,10.51
Kovai Medical Center & Hospital Ltd.,Healthcare,Small-Cap,February-2026,18867,10.11
TD Power Systems Ltd.,Capital Goods,Small-Cap,February-2026,123513,10.08
eMudhra Ltd.,Technology,Small-Cap,February-2026,205701,9.9
Raymond Lifestyle Ltd.,Textile,Small-Cap,February-2026,102463,9.88
Repco Home Finance Ltd.,Financials,Small-Cap,February-2026,248477,9.75
SH Kelkar And Company Ltd.,Chemicals,Small-Cap,February-2026,647684,9.48
Sundram Fasteners Ltd.,Automobile and Ancillaries,Small-Cap,February-2026,101630,9.28
Nitin Spinners Ltd.,Textile,Small-Cap,February-2026,254008,9.01
TeamLease Services Ltd.,Miscellaneous,Small-Cap,February-2026,67124,8.74
ACC Ltd.,Construction,Small-Cap,February-2026,53958,8.71
Kirloskar Pneumatic Company Ltd.,Capital Goods,Small-Cap,February-2026,75660,8.71
ISGEC Heavy Engineering Ltd.,Infrastructure,Small-Cap,February-2026,105493,8.67
Latent View Analytics Ltd.,Miscellaneous,Small-Cap,February-2026,233094,8.67
DAM Capital Advisors Ltd.,Financials,Small-Cap,February-2026,525047,8.59
Technocraft Industries (India) Ltd.,Metals,Small-Cap,February-2026,39763,8.57
Zydus Lifesciences Ltd.,Healthcare,Mid-Cap,February-2026,94217,8.51
Ecos (India) Mobility & Hospitality Ltd.,Miscellaneous,Small-Cap,February-2026,488961,8.39
Aarti Pharmalabs Ltd.,Healthcare,Small-Cap,February-2026,102373,7.56
Quick Heal Technologies Ltd.,Technology,Small-Cap,February-2026,425000,7.53
Kewal Kiran Clothing Ltd.,Textile,Small-Cap,February-2026,150607,7.28
JNK India Ltd.,Capital Goods,Small-Cap,February-2026,303116,7.08
United Foodbrands Ltd.,Retail and Other Services,Small-Cap,February-2026,336328,7.04
Hindustan Aeronautics Ltd.,Capital Goods,Large-Cap,February-2026,15803,6.74
Le Travenues Technology Ltd.,Travel,Small-Cap,February-2026,351212,6.63
TARC Ltd.,Construction,Small-Cap,February-2026,440903,6.6
Procter & Gamble Health Ltd.,Healthcare,Small-Cap,February-2026,12861,6.56
Eureka Forbes Ltd.,Consumer Durables,Small-Cap,February-2026,128209,6.54
Fine Organic Industries Ltd.,Chemicals,Small-Cap,February-2026,14583,6.53
H.G. Infra Engineering Ltd.,Infrastructure,Small-Cap,February-2026,109599,6.48
GNA Axles Ltd.,Automobile and Ancillaries,Small-Cap,February-2026,165144,6.43
Coromandel International Ltd.,Chemicals,Mid-Cap,February-2026,27181,6.12
Metropolis Healthcare Ltd.,Healthcare,Small-Cap,February-2026,31670,5.98
Ganesha Ecosphere Ltd.,Textile,Small-Cap,February-2026,79795,5.82
Jyothy Labs Ltd.,FMCG,Small-Cap,February-2026,231664,5.82
Rallis India Ltd.,Chemicals,Small-Cap,February-2026,210087,5.79
Mahindra Holidays & Resorts India Ltd.,Travel,Small-Cap,February-2026,195086,5.66
M&B Engineering Ltd.,Capital Goods,Small-Cap,February-2026,176612,5.43
Ashapura Minechem Ltd.,Energy,Small-Cap,February-2026,81243,5.32
AGI Greenpac Ltd.,FMCG,Small-Cap,February-2026,90500,5.25
Bharat Rasayan Ltd.,Chemicals,Small-Cap,February-2026,30610,5.17
Raymond Realty Ltd.,Construction,Small-Cap,February-2026,111638,5.17
Rain Industries Ltd.,Energy,Small-Cap,February-2026,301793,4.58
Usha Martin Ltd.,Metals,Small-Cap,February-2026,110622,4.58
Atlanta Electricals Ltd.,Capital Goods,Small-Cap,February-2026,52850,4.47
Nilkamal Ltd.,Consumer Durables,Small-Cap,February-2026,31891,4.41
Brigade Hotel Ventures Ltd.,Travel,Small-Cap,February-2026,724324,4.4
Bharat Bijlee Ltd.,Capital Goods,Small-Cap,February-2026,16448,4.32
Epigral Ltd.,Chemicals,Small-Cap,February-2026,44499,4.31
Subros Ltd.,Automobile and Ancillaries,Small-Cap,February-2026,52931,4.24
Quality Power Electrical Equipments Ltd.,Capital Goods,Small-Cap,February-2026,55188,4.23
Rolex Rings Ltd,Automobile and Ancillaries,Small-Cap,February-2026,325569,4.16
Relaxo Footwears Ltd.,FMCG,Small-Cap,February-2026,109637,4.05
Unimech Aerospace and Manufacturing Ltd.,Capital Goods,Small-Cap,February-2026,45968,4.04
ITC Hotels Ltd.,Travel,Mid-Cap,February-2026,220917,3.94
Time Technoplast Ltd.,Consumer Durables,Small-Cap,February-2026,215976,3.93
Sheela Foam Ltd.,FMCG,Small-Cap,February-2026,73125,3.9
Concord Enviro Systems Ltd.,Miscellaneous,Small-Cap,February-2026,107304,3.88
Sundaram-Clayton Ltd.,Automobile and Ancillaries,Small-Cap,February-2026,29056,3.87
Abbott India Ltd.,Healthcare,Mid-Cap,February-2026,1403,3.79
Garden Reach Shipbuilders & Engineers Ltd.,Automobile and Ancillaries,Small-Cap,February-2026,14598,3.79
Matrimony.Com Ltd.,Technology,Small-Cap,February-2026,81734,3.77
Jindal Steel Ltd.,Metals,Large-Cap,February-2026,31258,3.71
Railtel Corporation Of India Ltd.,Media and Communications,Small-Cap,February-2026,110770,3.69
Landmark Cars Ltd.,Automobile and Ancillaries,Small-Cap,February-2026,91497,3.68
Roto Pumps Ltd.,Capital Goods,Small-Cap,February-2026,638951,3.61
E2E Networks Ltd.,Technology,Small-Cap,February-2026,14593,3.43
Laxmi Dental Ltd.,Healthcare,Small-Cap,February-2026,171876,3.28
Nuvoco Vistas Corporation Ltd.,Construction,Small-Cap,February-2026,96817,3.27
IKIO Technologies Ltd.,Capital Goods,Small-Cap,February-2026,217416,3.17
STL Networks Ltd.,Media and Communications,Small-Cap,February-2026,1548479,3.16
Standard Engineering Technology Ltd.,Capital Goods,Small-Cap,February-2026,251660,3.02
Crizac Ltd.,Retail and Other Services,Small-Cap,February-2026,120840,2.92
Vedant Fashions Ltd.,Textile,Small-Cap,February-2026,65633,2.87
Rossari Biotech Ltd.,Chemicals,Small-Cap,February-2026,54102,2.87
Natco Pharma Ltd.,Healthcare,Small-Cap,February-2026,31359,2.86
Esab India Ltd.,Capital Goods,Small-Cap,February-2026,4859,2.69
CSB Bank Ltd.,Financials,Small-Cap,February-2026,62780,2.62
Gillette India Ltd.,FMCG,Small-Cap,February-2026,3022,2.59
Borosil Renewables Ltd.,Construction,Small-Cap,February-2026,53330,2.53
Gujarat State Petronet Ltd.,Energy,Small-Cap,February-2026,82863,2.52
Ion Exchange (India) Ltd.,Miscellaneous,Small-Cap,February-2026,69032,2.48
MM Forgings Ltd.,Automobile and Ancillaries,Small-Cap,February-2026,56739,2.46
Digitide Solutions Ltd.,Technology,Small-Cap,February-2026,230511,2.45
Rashi Peripherals Ltd.,Miscellaneous,Small-Cap,February-2026,66923,2.44
Euro Pratik Sales Ltd.,Construction,Small-Cap,February-2026,103578,2.43
Elantas Beck India Ltd.,Chemicals,Small-Cap,February-2026,2767,2.38
TTK Prestige Ltd.,Consumer Durables,Small-Cap,February-2026,41786,2.32
Shyam Metalics And Energy Ltd.,Metals,Small-Cap,February-2026,26162,2.25
Strides Pharma Science Ltd.,Healthcare,Small-Cap,February-2026,25925,2.24
Symphony Ltd.,Miscellaneous,Small-Cap,February-2026,25999,2.23
KRN Heat Exchanger And Refrigeration Ltd.,Capital Goods,Small-Cap,February-2026,26854,2.2
Utkarsh Small Finance Bank Ltd.,Financials,Small-Cap,February-2026,1573277,2.16
Redtape Ltd.,Retail and Other Services,Small-Cap,February-2026,179549,2.16
Vesuvius India Ltd.,Capital Goods,Small-Cap,February-2026,42714,2.13
La Opala RG Ltd.,Construction,Small-Cap,February-2026,105258,2.11
Simplex Infrastructures Ltd.,Infrastructure,Small-Cap,February-2026,98875,2.1
Onward Technologies Ltd.,Technology,Small-Cap,February-2026,68683,2.05
Medi Assist Healthcare Services Ltd.,Miscellaneous,Small-Cap,February-2026,49773,1.92
Chennai Petroleum Corporation Ltd.,Energy,Small-Cap,February-2026,20811,1.9
Allied Blenders And Distillers Ltd.,FMCG,Small-Cap,February-2026,38010,1.83
Emmvee Photovoltaic Power Ltd.,Construction,Small-Cap,February-2026,93969,1.82
TVS Srichakra Ltd.,Automobile and Ancillaries,Small-Cap,February-2026,4439,1.78
IFB Industries Ltd.,Consumer Durables,Small-Cap,February-2026,15860,1.76
Sanofi India Ltd.,Healthcare,Small-Cap,February-2026,4369,1.74
Somany Ceramics Ltd.,Construction,Small-Cap,February-2026,41938,1.72
Exicom Tele-Systems Ltd.,Capital Goods,Small-Cap,February-2026,178060,1.71
Orient Electric Ltd.,Consumer Durables,Small-Cap,February-2026,91313,1.66
GHCL Textiles Ltd.,Textile,Small-Cap,February-2026,214838,1.64
Nazara Technologies Ltd.,Technology,Small-Cap,February-2026,58803,1.61
Ajax Engineering Ltd.,Capital Goods,Small-Cap,February-2026,32036,1.61
IFGL Refractories Ltd.,Capital Goods,Small-Cap,February-2026,88354,1.57
Updater Services Ltd.,Miscellaneous,Small-Cap,February-2026,92616,1.43
Rossell Techsys Ltd.,Capital Goods,Small-Cap,February-2026,19883,1.4
Insecticides (India) Ltd.,Chemicals,Small-Cap,February-2026,22501,1.37
Baazar Style Retail Ltd.,Retail and Other Services,Small-Cap,February-2026,41450,1.31
Affle 3i Ltd.,Technology,Small-Cap,February-2026,8722,1.28
Advent Hotels International Ltd.,Travel,Small-Cap,February-2026,61700,1.23
Aeroflex Industries Ltd.,Metals,Small-Cap,February-2026,58635,1.21
Veranda Learning Solutions Ltd.,Retail and Other Services,Small-Cap,February-2026,58468,1.13
Dr Agarwals Eye Hospital Ltd.,Healthcare,Small-Cap,February-2026,2424,1.12
Kirloskar Industries Ltd.,Capital Goods,Small-Cap,February-2026,3350,1.01
RK Swamy Ltd.,Media and Communications,Small-Cap,February-2026,96082,0.99
Suprajit Engineering Ltd.,Automobile and Ancillaries,Small-Cap,February-2026,20866,0.93
Heidelberg Cement India Ltd.,Construction,Small-Cap,February-2026,54888,0.92
Smartworks Coworking Spaces Ltd.,Miscellaneous,Small-Cap,February-2026,19488,0.85
Hi-Tech Pipes Ltd.,Metals,Small-Cap,February-2026,102662,0.83
GFL Ltd.,Financials,Small-Cap,February-2026,174068,0.82
Chemplast Sanmar Ltd.,Chemicals,Small-Cap,February-2026,30207,0.76
Unichem Laboratories Ltd.,Healthcare,Small-Cap,February-2026,18810,0.68
Nocil Ltd.,Chemicals,Small-Cap,February-2026,46253,0.64
Ashoka Buildcon Ltd.,Infrastructure,Small-Cap,February-2026,46208,0.64
Senores Pharmaceuticals Ltd.,Healthcare,Small-Cap,February-2026,8218,0.64
LMW Ltd.,Textile,Small-Cap,February-2026,412,0.61
PTC India Financial Services Ltd.,Financials,Small-Cap,February-2026,190798,0.61
MAS Financial Services Ltd.,Financials,Small-Cap,February-2026,18815,0.61
Tinna Rubber And Infrastructure Ltd.,Automobile and Ancillaries,Small-Cap,February-2026,8195,0.55
Taj GVK Hotels & Resorts Ltd.,Travel,Small-Cap,February-2026,14823,0.54
Zota Health Care Ltd.,Miscellaneous,Small-Cap,February-2026,4244,0.53
Kennametal India Ltd.,Capital Goods,Small-Cap,February-2026,2293,0.5
Elin Electronics Ltd.,Consumer Durables,Small-Cap,February-2026,35450,0.49
Tamil Nadu Newsprint & Papers Ltd.,FMCG,Small-Cap,February-2026,34813,0.47
Maharashtra Scooters Ltd.,Financials,Small-Cap,February-2026,338,0.45
Religare Enterprises Ltd.,Financials,Small-Cap,February-2026,19427,0.44
IRB Infrastructure Developers Ltd.,Infrastructure,Small-Cap,February-2026,105035,0.44
Cyient DLM Ltd.,Capital Goods,Small-Cap,February-2026,12061,0.41
Gujarat Pipavav Port Ltd.,Infrastructure,Small-Cap,February-2026,22654,0.39
Vishnu Chemicals Ltd.,Chemicals,Small-Cap,February-2026,7489,0.38
Hindustan Construction Company Ltd.,Infrastructure,Small-Cap,February-2026,184724,0.35
Alicon Castalloy Ltd.,Automobile and Ancillaries,Small-Cap,February-2026,4947,0.35
TCI Express Ltd.,Logistics,Small-Cap,February-2026,6337,0.35
Gujarat State Fertilizers & Chemicals Ltd.,Chemicals,Small-Cap,February-2026,18527,0.33
Anirit Ventures Ltd.,Textile,Small-Cap,February-2026,84979,0.33
TSF Investments Ltd.,Financials,Small-Cap,February-2026,7975,0.33
Gujarat Narmada Valley Fertilizers & Chemicals Ltd,Chemicals,Small-Cap,February-2026,6919,0.32
KPI Green Energy Ltd.,Infrastructure,Small-Cap,February-2026,8311,0.32
Embassy Developments Ltd.,Construction,Small-Cap,February-2026,45258,0.29
Amrutanjan Health Care Ltd.,Healthcare,Small-Cap,February-2026,4966,0.29
PC Jeweller Ltd.,Retail and Other Services,Small-Cap,February-2026,279743,0.29
Credo Brands Marketing Ltd.,Miscellaneous,Small-Cap,February-2026,31573,0.28
Tanla Platforms Ltd.,Technology,Small-Cap,February-2026,5667,0.27
Stove Kraft Ltd.,Consumer Durables,Small-Cap,February-2026,5563,0.27
Chemtech Industrial Valves Ltd.,Capital Goods,Small-Cap,February-2026,37940,0.26
Aurionpro Solutions Ltd.,Technology,Small-Cap,February-2026,2742,0.25
Northern ARC Capital Ltd.,Financials,Small-Cap,February-2026,9709,0.25
AvenuesAI Ltd.,Financials,Small-Cap,February-2026,146339,0.24
EPL Ltd.,FMCG,Small-Cap,February-2026,11158,0.23
KRBL Ltd.,FMCG,Small-Cap,February-2026,6890,0.23
Welspun Enterprises Ltd.,Infrastructure,Small-Cap,February-2026,4852,0.23
Tips Music Ltd.,Media and Communications,Small-Cap,February-2026,3889,0.21
Lloyds Engineering Works Ltd.,Capital Goods,Small-Cap,February-2026,45679,0.21
Electrosteel Castings Ltd.,Metals,Small-Cap,February-2026,27888,0.2
Sterling and Wilson Renewable Energy Ltd.,Infrastructure,Small-Cap,February-2026,10610,0.2
Network 18 Media & Investments Ltd.,Media and Communications,Small-Cap,February-2026,54520,0.19
J Kumar Infraprojects Ltd.,Infrastructure,Small-Cap,February-2026,3427,0.19
RattanIndia Power Ltd.,Energy,Small-Cap,February-2026,227171,0.19
Waaree Renewable Technologies Ltd.,Infrastructure,Small-Cap,February-2026,2172,0.19
Websol Energy System Ltd.,Capital Goods,Small-Cap,February-2026,25901,0.18
Balu Forge Industries Ltd.,Automobile and Ancillaries,Small-Cap,February-2026,3815,0.17
Shree Renuka Sugars Ltd.,FMCG,Small-Cap,February-2026,67458,0.17
Transrail Lighting Ltd.,Capital Goods,Small-Cap,February-2026,3282,0.17
Sunteck Realty Ltd.,Construction,Small-Cap,February-2026,4095,0.16
Dilip Buildcon Ltd.,Construction,Small-Cap,February-2026,3704,0.16
Jain Irrigation Systems Ltd.,Consumer Durables,Small-Cap,February-2026,42064,0.15
Lloyds Enterprises Ltd.,Miscellaneous,Small-Cap,February-2026,28166,0.15
Patel Engineering Ltd.,Infrastructure,Small-Cap,February-2026,54471,0.15
Kaveri Seed Company Ltd.,FMCG,Small-Cap,February-2026,1697,0.15
Jai Balaji Industries Ltd.,Metals,Small-Cap,February-2026,22110,0.15
Sunflag Iron And Steel Company Ltd.,Metals,Small-Cap,February-2026,5684,0.14
Thomas Cook (India) Ltd.,Travel,Small-Cap,February-2026,12411,0.14
Greaves Cotton Ltd.,Automobile and Ancillaries,Small-Cap,February-2026,8582,0.14
Rane Holdings Ltd.,Financials,Small-Cap,February-2026,1097,0.14
Prism Johnson Ltd.,Construction,Small-Cap,February-2026,10440,0.13
Kitex Garments Ltd.,Textile,Small-Cap,February-2026,7188,0.13
Ganesh Housing Ltd.,Construction,Small-Cap,February-2026,1889,0.13
Mishra Dhatu Nigam Ltd.,Metals,Small-Cap,February-2026,3623,0.13
Dynamatic Technologies Ltd.,Capital Goods,Small-Cap,February-2026,128,0.12
Advanced Enzyme Technologies Ltd.,Healthcare,Small-Cap,February-2026,4042,0.12
Polyplex Corporation Ltd.,Consumer Durables,Small-Cap,February-2026,1282,0.11
Aarti Drugs Ltd.,Healthcare,Small-Cap,February-2026,3002,0.11
Vaibhav Global Ltd.,Retail and Other Services,Small-Cap,February-2026,4988,0.11
Refex Industries Ltd.,Energy,Small-Cap,February-2026,5093,0.11
Puravankara Ltd.,Construction,Small-Cap,February-2026,5032,0.11
Man InfraConstruction Ltd.,Infrastructure,Small-Cap,February-2026,10424,0.11
TVS Supply Chain Solutions Ltd.,Logistics,Small-Cap,February-2026,10589,0.11
Dishman Carbogen Amcis Ltd.,Healthcare,Small-Cap,February-2026,5418,0.11
Sagar Cements Ltd.,Construction,Small-Cap,February-2026,5344,0.1
Balaji Amines Ltd.,Chemicals,Small-Cap,February-2026,936,0.1
Sun Pharma Advanced Research Company Ltd.,Miscellaneous,Small-Cap,February-2026,7926,0.1
MSTC Ltd.,Miscellaneous,Small-Cap,February-2026,2081,0.1
Just Dial Ltd.,Miscellaneous,Small-Cap,February-2026,1645,0.1
Sadbhav Infrastructure Project Ltd.,Infrastructure,Small-Cap,February-2026,293284,0.1
Hemisphere Properties India Ltd.,Construction,Small-Cap,February-2026,7454,0.1
Easy Trip Planners Ltd.,Travel,Small-Cap,February-2026,137531,0.1
Kalyani Steels Ltd.,Metals,Small-Cap,February-2026,1288,0.09
Prince Pipes and Fittings Ltd.,Consumer Durables,Small-Cap,February-2026,3665,0.09
RattanIndia Enterprises Ltd.,Financials,Small-Cap,February-2026,26315,0.09
Share India Securities Ltd.,Financials,Small-Cap,February-2026,6459,0.09
Innova Captab Ltd.,Healthcare,Small-Cap,February-2026,1349,0.09
Bosch Home Comfort India Ltd.,Consumer Durables,Small-Cap,February-2026,579,0.08
National Fertilizers Ltd.,Chemicals,Small-Cap,February-2026,10525,0.08
Enviro Infra Engineers Ltd.,Infrastructure,Small-Cap,February-2026,4454,0.08
Lux Industries Ltd.,Textile,Small-Cap,February-2026,658,0.06
Imagicaaworld Entertainment Ltd.,Retail and Other Services,Small-Cap,February-2026,11919,0.06
Campus Activewear Ltd.,FMCG,Small-Cap,February-2026,2096,0.05
IRM Energy Ltd.,Energy,Small-Cap,February-2026,2231,0.05
Indo Borax & Chemicals Ltd.,Chemicals,Small-Cap,February-2026,1812,0.04
Jindal Worldwide Ltd.,Textile,Small-Cap,February-2026,12825,0.03
Dee Development Engineers Ltd,Capital Goods,Small-Cap,February-2026,1301,0.03
Greenlam Industries Ltd.,Construction,Small-Cap,February-2026,1363,0.03
RNIT AI Solutions Ltd.,Capital Goods,Small-Cap,February-2026,3468,0.01
Genus Power Infrastructures Ltd.,Capital Goods,Small-Cap,February-2026,303,0.01

Disclaimer -   All necessary precautions have been taken to avoid any error 
 lapse or insufficiency in preparing this report ; however ; no representations 
 or warranties are made (express or implied) as to the reliability 
 accuracy or completeness of such information. The Company cannot 
be held liable for the contents of this report or for any action taken on its basis.