Stock Name,Sector,Classification,Month,Net Qty Bought,Approx. Buy Value(In Rs. cr) *
Interglobe Aviation Ltd.,Travel,Large-Cap,December-2025,11382771,6238.36
ICICI Prudential Asset Management Company Ltd.,Financials,Large-Cap,December-2025,22559732,6003.37
Swiggy Ltd.,Retail and Other Services,Mid-Cap,December-2025,144925132,5540.13
ICICI Bank Ltd.,Financials,Large-Cap,December-2025,32086568,4382.53
Meesho Ltd.,Retail and Other Services,Mid-Cap,December-2025,204146091,3679.12
HDFC Bank Ltd.,Financials,Large-Cap,December-2025,35978713,3595.70
ITC Ltd.,FMCG,Large-Cap,December-2025,74921572,3024.10
Bank Of Maharashtra,Financials,Mid-Cap,December-2025,301827262,1820.17
Shriram Finance Ltd.,Financials,Large-Cap,December-2025,18942086,1750.11
Power Grid Corporation Of India Ltd.,Energy,Large-Cap,December-2025,61441119,1642.13
Adani Green Energy Ltd.,Energy,Large-Cap,December-2025,15564016,1605.66
JSW Energy Ltd.,Energy,Mid-Cap,December-2025,30757042,1493.41
Eternal Ltd.,Retail and Other Services,Large-Cap,December-2025,43559690,1259.19
Axis Bank Ltd.,Financials,Large-Cap,December-2025,9296619,1184.90
Hindustan Aeronautics Ltd.,Capital Goods,Large-Cap,December-2025,2487649,1110.87
Trent Ltd.,Retail and Other Services,Large-Cap,December-2025,2560757,1092.08
Ultratech Cement Ltd.,Construction,Large-Cap,December-2025,852822,997.13
ICICI Prudential Life Insurance Company Ltd.,Financials,Mid-Cap,December-2025,13878053,893.75
Belrise Industries Ltd.,Automobile and Ancillaries,Small-Cap,December-2025,50065679,883.48
JSW Steel Ltd.,Metals,Large-Cap,December-2025,7024187,816.60
Mahindra & Mahindra Ltd.,Automobile and Ancillaries,Large-Cap,December-2025,2142148,799.73
Varun Beverages Ltd.,FMCG,Large-Cap,December-2025,16199349,786.80
Privi Speciality Chemicals Ltd.,Chemicals,Small-Cap,December-2025,2351657,700.56
Titan Company Ltd.,Retail and Other Services,Large-Cap,December-2025,1737858,691.60
Vodafone Idea Ltd.,Media and Communications,Mid-Cap,December-2025,652261657,675.74
HDFC Life Insurance Company Ltd.,Financials,Large-Cap,December-2025,8615325,652.24
Tata Steel Ltd.,Metals,Large-Cap,December-2025,37371300,650.31
NTPC Ltd.,Energy,Large-Cap,December-2025,19780251,648.80
Tech Mahindra Ltd.,Technology,Large-Cap,December-2025,3958269,615.16
Akzo Nobel India Ltd.,Chemicals,Small-Cap,December-2025,1860933,603.70
Patanjali Foods Ltd.,FMCG,Mid-Cap,December-2025,10770738,599.74
Cholamandalam Investment and Finance Company Ltd.,Financials,Large-Cap,December-2025,3331061,572.64
CORONA Remedies Ltd.,Healthcare,Small-Cap,December-2025,3900000,540.11
Tube Investments of India Ltd.,Automobile and Ancillaries,Mid-Cap,December-2025,1978894,534.15
The Federal Bank Ltd.,Financials,Mid-Cap,December-2025,20108545,527.87
Mankind Pharma Ltd.,Healthcare,Mid-Cap,December-2025,2363508,525.59
Wakefit Innovations Ltd.,FMCG,Small-Cap,December-2025,27870768,514.05
ITC Hotels Ltd.,Travel,Mid-Cap,December-2025,24986700,507.39
Aequs Ltd.,Capital Goods,Small-Cap,December-2025,33562314,461.45
Jindal Steel Ltd.,Metals,Mid-Cap,December-2025,4292688,450.35
Kotak Mahindra Bank Ltd.,Financials,Large-Cap,December-2025,2063918,446.37
Laurus Labs Ltd.,Healthcare,Mid-Cap,December-2025,4099365,438.50
Bajaj Holdings & Investment Ltd.,Financials,Large-Cap,December-2025,382744,436.84
Bajaj Finserv Ltd.,Financials,Large-Cap,December-2025,2078837,429.68
Vishal Mega Mart Ltd.,Retail and Other Services,Mid-Cap,December-2025,30601568,416.44
Jubilant FoodWorks Ltd.,FMCG,Mid-Cap,December-2025,6795045,394.15
Punjab National Bank,Financials,Large-Cap,December-2025,31688864,393.07
Page Industries Ltd.,Textile,Mid-Cap,December-2025,105467,392.15
HDFC Asset Management Company Ltd.,Financials,Large-Cap,December-2025,1458958,389.92
Lodha Developers Ltd.,Construction,Large-Cap,December-2025,3387775,374.26
PB Fintech Ltd.,Financials,Mid-Cap,December-2025,2008647,366.03
Suzlon Energy Ltd.,Capital Goods,Mid-Cap,December-2025,67296609,358.96
Bharat Forge Ltd.,Automobile and Ancillaries,Mid-Cap,December-2025,2367129,343.73
AU Small Finance Bank Ltd.,Financials,Mid-Cap,December-2025,3482552,339.51
SKF India (Industrial) Ltd.,Automobile and Ancillaries,Small-Cap,December-2025,1265629,336.01
Akums Drugs & Pharmaceuticals Ltd.,Healthcare,Small-Cap,December-2025,7510521,330.22
Park Medi World Ltd.,Healthcare,Small-Cap,December-2025,22321070,327.12
IDFC First Bank Ltd.,Financials,Mid-Cap,December-2025,38383273,318.08
Bharat Heavy Electricals Ltd.,Capital Goods,Mid-Cap,December-2025,10826213,313.04
APL Apollo Tubes Ltd.,Metals,Mid-Cap,December-2025,1677166,304.65
Bajaj Housing Finance Ltd.,Financials,Mid-Cap,December-2025,30014805,299.25
Steel Authority Of India Ltd.,Metals,Mid-Cap,December-2025,21044002,296.61
PG Electroplast Ltd.,Consumer Durables,Small-Cap,December-2025,4964954,289.51
Marico Ltd.,FMCG,Mid-Cap,December-2025,3905379,286.65
Colgate-Palmolive (India) Ltd.,FMCG,Mid-Cap,December-2025,1333458,282.98
JIO Financial Services Ltd.,Financials,Large-Cap,December-2025,9343785,280.85
KSH International Ltd.,Capital Goods,Small-Cap,December-2025,7829966,280.00
Amber Enterprises India Ltd.,Consumer Durables,Small-Cap,December-2025,412566,279.88
Lenskart Solutions Ltd.,Healthcare,Mid-Cap,December-2025,6020638,259.23
Tata Elxsi Ltd.,Technology,Small-Cap,December-2025,484298,251.81
Anand Rathi Wealth Ltd.,Financials,Small-Cap,December-2025,834909,250.53
Adani Enterprises Ltd.,Miscellaneous,Large-Cap,December-2025,1105423,249.82
ABB India Ltd.,Capital Goods,Large-Cap,December-2025,466656,241.38
Nippon Life India Asset Management Ltd.,Financials,Mid-Cap,December-2025,2698070,236.79
Petronet LNG Ltd.,Energy,Mid-Cap,December-2025,8483029,235.81
Entero Healthcare Solutions Ltd.,Miscellaneous,Small-Cap,December-2025,2204429,230.29
Piramal Finance Ltd.,Financials,Mid-Cap,December-2025,1416228,226.01
Havells India Ltd.,Capital Goods,Mid-Cap,December-2025,1505988,215.87
City Union Bank Ltd.,Financials,Small-Cap,December-2025,7480474,210.16
Piramal Pharma Ltd.,Healthcare,Small-Cap,December-2025,11670940,209.74
RBL Bank Ltd.,Financials,Small-Cap,December-2025,6667651,209.43
Supreme Industries Ltd.,Consumer Durables,Mid-Cap,December-2025,617945,208.41
Wipro Ltd.,Technology,Large-Cap,December-2025,8117020,208.12
JK Cement Ltd.,Construction,Mid-Cap,December-2025,364374,205.67
Ujjivan Small Finance Bank Ltd.,Financials,Small-Cap,December-2025,38212530,205.24
Ashok Leyland Ltd.,Automobile and Ancillaries,Mid-Cap,December-2025,12163654,205.15
Zydus Lifesciences Ltd.,Healthcare,Mid-Cap,December-2025,2182645,202.64
Container Corporation Of India Ltd.,Logistics,Mid-Cap,December-2025,3860356,200.01
Samvardhana Motherson International Ltd.,Automobile and Ancillaries,Large-Cap,December-2025,16646921,196.64
PNB Housing Finance Ltd.,Financials,Small-Cap,December-2025,2094542,194.46
Info Edge (India) Ltd.,Technology,Mid-Cap,December-2025,1457027,194.06
Ipca Laboratories Ltd.,Healthcare,Mid-Cap,December-2025,1341921,192.70
Tata Capital Ltd.,Financials,Large-Cap,December-2025,5681259,190.25
Dr. Lal Pathlabs Ltd.,Healthcare,Small-Cap,December-2025,1255971,188.93
Cholamandalam Financial Holdings Ltd.,Financials,Mid-Cap,December-2025,1010931,184.95
Vijaya Diagnostic Centre Ltd.,Healthcare,Small-Cap,December-2025,1783450,183.61
Whirlpool Of India Ltd.,Consumer Durables,Small-Cap,December-2025,1791387,176.56
LG Electronics India Ltd.,Consumer Durables,Large-Cap,December-2025,1072092,170.50
Tata Motors Ltd.,Automobile and Ancillaries,Large-Cap,December-2025,4384019,168.24
IndusInd Bank Ltd.,Financials,Mid-Cap,December-2025,1928465,166.11
NBCC (India) Ltd.,Capital Goods,Small-Cap,December-2025,13737341,163.79
Ather Energy Ltd.,Automobile and Ancillaries,Small-Cap,December-2025,2146104,158.03
Tega Industries Ltd.,Capital Goods,Small-Cap,December-2025,809457,156.73
Sudeep Pharma Ltd.,Healthcare,Small-Cap,December-2025,2266058,156.01
Pine Labs Ltd.,Financials,Small-Cap,December-2025,6175468,151.02
United Breweries Ltd.,FMCG,Mid-Cap,December-2025,904070,149.73
Prestige Estates Projects Ltd.,Construction,Mid-Cap,December-2025,908372,148.61
Cohance Lifesciences Ltd.,Healthcare,Small-Cap,December-2025,2709464,148.07
Nephrocare Health Services Ltd.,Healthcare,Small-Cap,December-2025,3122459,146.35
Alivus Life Sciences Ltd.,Healthcare,Small-Cap,December-2025,1610227,146.14
Thermax Ltd.,Capital Goods,Mid-Cap,December-2025,485513,144.26
DLF Ltd.,Construction,Large-Cap,December-2025,2018502,142.41
KPIT Technologies Ltd.,Technology,Small-Cap,December-2025,1186311,142.05
Crompton Greaves Consumer Electricals Ltd.,Consumer Durables,Small-Cap,December-2025,5431423,140.57
Indiamart Intermesh Ltd.,Retail and Other Services,Small-Cap,December-2025,602085,136.48
Sundaram Finance Ltd.,Financials,Mid-Cap,December-2025,267780,134.04
Cigniti Technologies Ltd.,Technology,Small-Cap,December-2025,742458,129.70
Five-Star Business Finance Ltd.,Financials,Small-Cap,December-2025,2259587,128.37
Blue Star Ltd.,Consumer Durables,Mid-Cap,December-2025,723991,126.56
Medi Assist Healthcare Services Ltd.,Miscellaneous,Small-Cap,December-2025,2664870,124.50
Tata Chemicals Ltd.,Chemicals,Small-Cap,December-2025,1584177,124.04
Affle 3i Ltd.,Technology,Small-Cap,December-2025,710155,122.87
Nuvama Wealth Management Ltd.,Financials,Small-Cap,December-2025,825221,122.67
Coforge Ltd.,Technology,Mid-Cap,December-2025,681709,121.74
Delhivery Ltd.,Logistics,Small-Cap,December-2025,2868663,119.06
Mastek Ltd.,Technology,Small-Cap,December-2025,542982,115.78
Emmvee Photovoltaic Power Ltd.,Construction,Small-Cap,December-2025,5628591,115.28
Birlasoft Ltd.,Technology,Small-Cap,December-2025,2833574,115.26
Pearl Global Industries Ltd.,Textile,Small-Cap,December-2025,691679,114.11
CMS Info Systems Ltd.,Miscellaneous,Small-Cap,December-2025,3279665,113.88
Dodla Dairy Ltd,FMCG,Small-Cap,December-2025,890239,112.64
Yes Bank Ltd.,Financials,Mid-Cap,December-2025,50070022,111.48
Hyundai Motor India Ltd.,Automobile and Ancillaries,Large-Cap,December-2025,476827,110.24
KEC International Ltd.,Infrastructure,Small-Cap,December-2025,1541619,109.74
SBI Life Insurance Company Ltd.,Financials,Large-Cap,December-2025,524015,104.83
Neuland Laboratories Ltd.,Healthcare,Small-Cap,December-2025,64077,104.01
Aptus Value Housing Finance India Ltd.,Financials,Small-Cap,December-2025,3645065,101.73
Aavas Financiers Ltd.,Financials,Small-Cap,December-2025,668259,100.59
Zensar Technologies Ltd.,Technology,Small-Cap,December-2025,1327405,96.46
Godrej Industries Ltd.,Chemicals,Mid-Cap,December-2025,935809,96.11
Ajanta Pharma Ltd.,Healthcare,Small-Cap,December-2025,359120,95.70
Dalmia Bharat Ltd.,Construction,Mid-Cap,December-2025,461311,95.50
Max Healthcare Institute Ltd.,Healthcare,Large-Cap,December-2025,828281,91.44
Canara HSBC Life Insurance Company Ltd.,Financials,Small-Cap,December-2025,6518506,88.39
Fusion Finance Ltd.,Financials,Small-Cap,December-2025,5405825,87.78
Tata Motors Passenger Vehicles Ltd.,Automobile and Ancillaries,Large-Cap,December-2025,2412990,87.37
Global Health Ltd.,Healthcare,Mid-Cap,December-2025,716595,87.15
Vidya Wires Ltd.,Capital Goods,Small-Cap,December-2025,17493396,87.03
Tenneco Clean Air India Ltd.,Automobile and Ancillaries,Small-Cap,December-2025,1753278,86.95
Bikaji Foods International Ltd.,FMCG,Small-Cap,December-2025,1165070,85.45
Narayana Hrudayalaya Ltd.,Healthcare,Mid-Cap,December-2025,438743,84.18
Kirloskar Oil Engines Ltd.,Capital Goods,Small-Cap,December-2025,712191,83.46
Metropolis Healthcare Ltd.,Healthcare,Small-Cap,December-2025,428370,82.67
The Great Eastern Shipping Company Ltd.,Logistics,Small-Cap,December-2025,717738,80.24
Blue Dart Express Ltd.,Logistics,Small-Cap,December-2025,138943,78.09
Torrent Power Ltd.,Energy,Mid-Cap,December-2025,591435,77.51
Equitas Small Finance Bank Ltd.,Financials,Small-Cap,December-2025,12180868,77.44
Gland Pharma Ltd.,Healthcare,Small-Cap,December-2025,442997,77.12
Waaree Energies Ltd.,Capital Goods,Mid-Cap,December-2025,245916,75.50
ZF Commercial Vehicle Control Systems India Ltd.,Automobile and Ancillaries,Small-Cap,December-2025,52794,74.13
Britannia Industries Ltd.,FMCG,Large-Cap,December-2025,123790,73.51
Westlife Foodworld Ltd,Retail and Other Services,Small-Cap,December-2025,1302915,73.47
PI Industries Ltd.,Chemicals,Mid-Cap,December-2025,220900,73.27
Force Motors Ltd.,Automobile and Ancillaries,Small-Cap,December-2025,38062,73.05
Sai Life Sciences Ltd.,Healthcare,Small-Cap,December-2025,813274,72.90
Usha Martin Ltd.,Metals,Small-Cap,December-2025,1646943,72.62
Azad Engineering Ltd.,Capital Goods,Small-Cap,December-2025,431414,71.90
Max Financial Services Ltd.,Financials,Mid-Cap,December-2025,422391,71.26
Senores Pharmaceuticals Ltd.,Healthcare,Small-Cap,December-2025,858471,70.65
General Insurance Corporation of India,Financials,Mid-Cap,December-2025,1820145,69.89
Poonawalla Fincorp Ltd.,Financials,Mid-Cap,December-2025,1436094,69.17
Sona BLW Precision Forgings Ltd.,Automobile and Ancillaries,Small-Cap,December-2025,1395590,69.16
Onesource Specialty Pharma Ltd.,Healthcare,Small-Cap,December-2025,399551,66.78
Indian Bank,Financials,Mid-Cap,December-2025,770293,65.76
Acme Solar Holdings Ltd.,Energy,Small-Cap,December-2025,2811442,65.74
Oil India Ltd.,Energy,Mid-Cap,December-2025,1564837,65.53
REC Ltd.,Financials,Mid-Cap,December-2025,1787769,64.15
Nestle India Ltd.,FMCG,Large-Cap,December-2025,500205,63.75
Max Estates Ltd.,Construction,Small-Cap,December-2025,1342026,62.73
GAIL (India) Ltd.,Energy,Large-Cap,December-2025,3573203,62.22
Gujarat Fluorochemicals Ltd.,Chemicals,Mid-Cap,December-2025,172128,61.02
Thangamayil Jewellery Ltd.,Retail and Other Services,Small-Cap,December-2025,188387,61.00
LT Foods Ltd.,FMCG,Small-Cap,December-2025,1515864,60.46
Sagility Ltd.,Miscellaneous,Small-Cap,December-2025,11835251,60.42
Orkla India Ltd.,FMCG,Small-Cap,December-2025,920533,59.07
Apollo Hospitals Enterprise Ltd.,Healthcare,Large-Cap,December-2025,81339,58.47
Inventurus Knowledge Solutions Ltd.,Technology,Small-Cap,December-2025,347444,58.00
BlackBuck Ltd.,Logistics,Small-Cap,December-2025,849640,57.24
Inox Green Energy Services Ltd.,Infrastructure,Small-Cap,December-2025,2669090,57.23
Capillary Technologies India Ltd.,Technology,Small-Cap,December-2025,864008,56.90
Gabriel India Ltd.,Automobile and Ancillaries,Small-Cap,December-2025,523407,53.35
Saatvik Green Energy Ltd.,Capital Goods,Small-Cap,December-2025,1335391,52.58
Godrej Properties Ltd.,Construction,Mid-Cap,December-2025,254548,52.42
Le Travenues Technology Ltd.,Travel,Small-Cap,December-2025,2008946,52.42
Triveni Turbine Ltd.,Capital Goods,Small-Cap,December-2025,969054,52.09
Aadhar Housing Finance Ltd.,Financials,Small-Cap,December-2025,1077994,52.08
Aurobindo Pharma Ltd.,Healthcare,Mid-Cap,December-2025,428844,51.67
Craftsman Automation Ltd.,Automobile and Ancillaries,Small-Cap,December-2025,70079,51.56
L&T Finance Ltd.,Financials,Mid-Cap,December-2025,1544753,48.53
OLA Electric Mobility Ltd.,Automobile and Ancillaries,Small-Cap,December-2025,11672406,45.20
HDB Financial Services Ltd.,Financials,Mid-Cap,December-2025,588182,45.08
JSW Cement Ltd.,Construction,Small-Cap,December-2025,3842429,44.88
Wockhardt Ltd.,Healthcare,Small-Cap,December-2025,324680,43.53
The South Indian Bank Ltd.,Financials,Small-Cap,December-2025,11124871,43.33
Jindal Stainless Ltd.,Metals,Mid-Cap,December-2025,537409,43.27
Sky Gold and Diamonds Ltd.,Retail and Other Services,Small-Cap,December-2025,1298855,43.17
Berger Paints India Ltd.,Chemicals,Mid-Cap,December-2025,781916,43.05
Schaeffler India Ltd.,Automobile and Ancillaries,Mid-Cap,December-2025,110107,42.82
Kalpataru Projects International Ltd.,Infrastructure,Small-Cap,December-2025,352439,42.33
Travel Food Services Ltd.,Retail and Other Services,Small-Cap,December-2025,336163,42.33
TBO Tek Ltd.,Travel,Small-Cap,December-2025,251920,41.76
Linde India Ltd.,Energy,Mid-Cap,December-2025,69790,41.60
Fortis Healthcare Ltd.,Healthcare,Mid-Cap,December-2025,456790,41.18
Aditya Birla Lifestyle Brands Ltd.,Retail and Other Services,Small-Cap,December-2025,3183937,41.03
Yatharth Hospital & Trauma Care Services Ltd.,Healthcare,Small-Cap,December-2025,586888,40.79
Honasa Consumer Ltd.,Miscellaneous,Small-Cap,December-2025,1391408,40.08
Escorts Kubota Ltd.,Automobile and Ancillaries,Mid-Cap,December-2025,106167,40.01
Gujarat Gas Ltd.,Energy,Small-Cap,December-2025,984342,39.78
Senco Gold Ltd.,Retail and Other Services,Small-Cap,December-2025,1238594,38.96
Jubilant Pharmova Ltd.,Healthcare,Small-Cap,December-2025,357265,38.64
Indraprastha Gas Ltd.,Energy,Small-Cap,December-2025,1918505,37.79
Afcons Infrastructure Ltd.,Infrastructure,Small-Cap,December-2025,947994,37.49
Safari Industries (India) Ltd.,FMCG,Small-Cap,December-2025,160225,36.89
Sun TV Network Ltd.,Media and Communications,Small-Cap,December-2025,642015,36.70
eClerx Services Ltd.,Technology,Small-Cap,December-2025,78627,36.35
Solar Industries India Ltd.,Chemicals,Large-Cap,December-2025,28388,36.23
Care Ratings Ltd.,Miscellaneous,Small-Cap,December-2025,231691,36.17
Indegene Ltd.,Miscellaneous,Small-Cap,December-2025,682388,35.89
UTI Asset Management Company Ltd.,Financials,Small-Cap,December-2025,313695,35.61
Indian Overseas Bank,Financials,Mid-Cap,December-2025,9487207,35.54
Dredging Corporation Of India Ltd.,Logistics,Small-Cap,December-2025,371468,34.46
Tata Consumer Products Ltd.,FMCG,Large-Cap,December-2025,290053,34.29
Vedant Fashions Ltd.,Textile,Small-Cap,December-2025,572980,34.10
Sagar Cements Ltd.,Construction,Small-Cap,December-2025,1568407,33.80
Go Digit General Insurance Ltd.,Financials,Small-Cap,December-2025,928005,32.61
CreditAccess Grameen Ltd.,Financials,Small-Cap,December-2025,245612,32.06
Cochin Shipyard Ltd.,Automobile and Ancillaries,Mid-Cap,December-2025,192682,31.66
Welspun Living Ltd.,Textile,Small-Cap,December-2025,2206260,30.82
Astrazeneca Pharma India Ltd.,Healthcare,Small-Cap,December-2025,34018,30.71
Shyam Metalics And Energy Ltd.,Metals,Small-Cap,December-2025,369243,30.68
Paradeep Phosphates Ltd.,Chemicals,Small-Cap,December-2025,1886596,30.50
Adani Power Ltd.,Energy,Large-Cap,December-2025,2091590,30.38
Shipping Corporation Of India Ltd.,Logistics,Small-Cap,December-2025,1309426,30.35
BEML Ltd.,Logistics,Small-Cap,December-2025,164422,30.32
Kirloskar Brothers Ltd.,Capital Goods,Small-Cap,December-2025,183735,30.32
Prudent Corporate Advisory Services Ltd.,Financials,Small-Cap,December-2025,120120,30.16
Cemindia Projects Ltd.,Infrastructure,Small-Cap,December-2025,368445,30.00
Landmark Cars Ltd.,Automobile and Ancillaries,Small-Cap,December-2025,595559,29.96
Fiem Industries Ltd.,Automobile and Ancillaries,Small-Cap,December-2025,130374,29.50
Kirloskar Pneumatic Company Ltd.,Capital Goods,Small-Cap,December-2025,273291,29.33
Indian Oil Corporation Ltd.,Energy,Large-Cap,December-2025,1783759,29.27
Navin Fluorine International Ltd.,Chemicals,Small-Cap,December-2025,47854,27.89
NMDC Ltd.,Energy,Mid-Cap,December-2025,3517912,27.63
Finolex Industries Ltd.,Consumer Durables,Small-Cap,December-2025,1550905,27.35
Bayer CropScience Ltd.,Chemicals,Small-Cap,December-2025,59095,27.23
FSN E-Commerce Ventures Ltd.,Retail and Other Services,Mid-Cap,December-2025,1017627,27.09
Asahi India Glass Ltd.,Construction,Small-Cap,December-2025,259366,26.40
Godfrey Phillips India Ltd.,FMCG,Mid-Cap,December-2025,93134,26.24
Honeywell Automation India Ltd.,Consumer Durables,Small-Cap,December-2025,7575,25.83
Ethos Ltd.,Retail and Other Services,Small-Cap,December-2025,82257,24.80
Graphite India Ltd.,Capital Goods,Small-Cap,December-2025,410981,24.59
E.I.D. - Parry (India) Ltd.,FMCG,Small-Cap,December-2025,237821,24.56
Computer Age Management Services Ltd.,Financials,Small-Cap,December-2025,313221,23.86
Astral Ltd.,Consumer Durables,Mid-Cap,December-2025,166964,23.62
Kajaria Ceramics Ltd.,Construction,Small-Cap,December-2025,231049,23.52
International Gemmological Institute (India) Ltd.,Miscellaneous,Small-Cap,December-2025,706653,23.43
Techno Electric & Engineering Company Ltd.,Infrastructure,Small-Cap,December-2025,203505,23.27
Power Finance Corporation Ltd.,Financials,Large-Cap,December-2025,647947,23.26
Concord Biotech Ltd.,Healthcare,Small-Cap,December-2025,166414,22.99
360 One Wam Ltd.,Financials,Mid-Cap,December-2025,191784,22.76
Mrs. Bectors Food Specialities Ltd.,FMCG,Small-Cap,December-2025,910139,22.32
Ceigall India Ltd.,Infrastructure,Small-Cap,December-2025,871930,22.28
Finolex Cables Ltd.,Capital Goods,Small-Cap,December-2025,296263,22.20
Skipper Ltd.,Capital Goods,Small-Cap,December-2025,489747,22.18
SKF India Ltd.,Automobile and Ancillaries,Small-Cap,December-2025,115971,21.84
NTPC Green Energy Ltd.,Energy,Mid-Cap,December-2025,2304878,21.84
Kirloskar Ferrous Industries Ltd.,Metals,Small-Cap,December-2025,441078,21.50
3M India Ltd.,Diversified,Mid-Cap,December-2025,6033,21.10
Hi-Tech Pipes Ltd.,Metals,Small-Cap,December-2025,2164862,20.89
JK Lakshmi Cement Ltd.,Construction,Small-Cap,December-2025,268688,20.65
DCB Bank Ltd.,Financials,Small-Cap,December-2025,1157801,20.59
Archean Chemical Industries Ltd.,Chemicals,Small-Cap,December-2025,378111,20.21
Kansai Nerolac Paints Ltd.,Chemicals,Small-Cap,December-2025,856235,20.20
Black Box Ltd.,Media and Communications,Small-Cap,December-2025,371304,20.14
Kalyan Jewellers India Ltd.,Retail and Other Services,Mid-Cap,December-2025,396584,19.64
Arvind Ltd.,Textile,Small-Cap,December-2025,583062,19.52
Zota Health Care Ltd.,Miscellaneous,Small-Cap,December-2025,124015,19.34
Sharda Cropchem Ltd.,Chemicals,Small-Cap,December-2025,221979,19.27
Lumax Auto Technologies Ltd.,Automobile and Ancillaries,Small-Cap,December-2025,124002,19.10
Minda Corporation Ltd.,Automobile and Ancillaries,Small-Cap,December-2025,330088,19.07
Birla Corporation Ltd.,Construction,Small-Cap,December-2025,173891,18.99
Niva Bupa Health Insurance Company Ltd.,Financials,Small-Cap,December-2025,2536490,18.99
Deepak Fertilisers And Petrochemicals Corporation Ltd.,Chemicals,Small-Cap,December-2025,142106,18.87
Bajaj Electricals Ltd.,Consumer Durables,Small-Cap,December-2025,392931,18.83
CE Info Systems Ltd.,Technology,Small-Cap,December-2025,110289,18.77
Inox India Ltd.,Capital Goods,Small-Cap,December-2025,161811,18.64
Pace Digitek Ltd.,Media and Communications,Small-Cap,December-2025,907418,18.25
Gillette India Ltd.,FMCG,Small-Cap,December-2025,21169,18.04
VST Industries Ltd.,FMCG,Small-Cap,December-2025,702736,18.00
The Ramco Cements Ltd.,Construction,Small-Cap,December-2025,171714,17.98
Radico Khaitan Ltd.,FMCG,Mid-Cap,December-2025,54600,17.76
The India Cements Ltd.,Construction,Small-Cap,December-2025,425852,17.63
Eris Lifesciences Ltd.,Healthcare,Small-Cap,December-2025,112980,17.52
V2 Retail Ltd.,Retail and Other Services,Small-Cap,December-2025,70444,17.25
Indigo Paints Ltd.,Chemicals,Small-Cap,December-2025,140725,17.08
Jubilant Ingrevia Ltd.,Chemicals,Small-Cap,December-2025,240093,16.94
Studds Accessories Ltd.,Automobile and Ancillaries,Small-Cap,December-2025,308074,16.73
Thyrocare Technologies Ltd.,Healthcare,Small-Cap,December-2025,351977,16.57
Redington Ltd.,Miscellaneous,Small-Cap,December-2025,596832,16.52
Steelcast Ltd.,Automobile and Ancillaries,Small-Cap,December-2025,767229,16.51
Clean Science And Technology Ltd.,Chemicals,Small-Cap,December-2025,184283,16.49
Inox Wind Ltd.,Capital Goods,Small-Cap,December-2025,1277091,16.48
Voltamp Transformers Ltd.,Capital Goods,Small-Cap,December-2025,20427,16.35
CCL Products (India) Ltd.,FMCG,Small-Cap,December-2025,166636,16.27
Vesuvius India Ltd.,Capital Goods,Small-Cap,December-2025,336739,16.13
Aditya Birla Real Estate Ltd.,Construction,Small-Cap,December-2025,93232,16.08
Ventive Hospitality Ltd.,Travel,Small-Cap,December-2025,213526,15.92
Avanti Feeds Ltd.,Miscellaneous,Small-Cap,December-2025,190014,15.57
NHPC Ltd.,Energy,Mid-Cap,December-2025,1994242,15.55
NLC India Ltd.,Energy,Mid-Cap,December-2025,620092,15.30
Pennar Industries Ltd.,Metals,Small-Cap,December-2025,695334,15.11
Urban Company Ltd.,Miscellaneous,Small-Cap,December-2025,1132603,15.08
Ecos (India) Mobility & Hospitality Ltd.,Miscellaneous,Small-Cap,December-2025,671275,14.86
Leela Palaces Hotels & Resorts Ltd.,Travel,Small-Cap,December-2025,348440,14.73
EIH Ltd.,Travel,Small-Cap,December-2025,392273,14.56
Gulf Oil Lubricants India Ltd.,Automobile and Ancillaries,Small-Cap,December-2025,121427,14.46
Hindustan Copper Ltd.,Metals,Small-Cap,December-2025,338144,14.29
Endurance Technologies Ltd.,Automobile and Ancillaries,Mid-Cap,December-2025,53388,13.97
Marksans Pharma Ltd.,Healthcare,Small-Cap,December-2025,749421,13.80
Sumitomo Chemical India Ltd.,Chemicals,Small-Cap,December-2025,292088,13.68
Chambal Fertilisers and Chemicals Ltd.,Chemicals,Small-Cap,December-2025,294851,13.60
Metro Brands Ltd.,Retail and Other Services,Small-Cap,December-2025,114413,13.60
DOMS Industries Ltd.,FMCG,Small-Cap,December-2025,53023,13.59
Cera Sanitaryware Ltd.,Construction,Small-Cap,December-2025,25167,13.56
MTAR Technologies Ltd.,Capital Goods,Small-Cap,December-2025,54586,13.51
Knowledge Marine & Engineering Works Ltd.,Automobile and Ancillaries,Small-Cap,December-2025,80272,13.10
Hikal Ltd.,Healthcare,Small-Cap,December-2025,564666,12.70
Titagarh Rail Systems Ltd.,Automobile and Ancillaries,Small-Cap,December-2025,145461,12.50
Shilpa Medicare Ltd.,Healthcare,Small-Cap,December-2025,371277,12.30
LIC Housing Finance Ltd.,Financials,Small-Cap,December-2025,225371,12.27
Indo Count Industries Ltd.,Textile,Small-Cap,December-2025,403118,12.23
Sanofi Consumer Healthcare India Ltd.,Healthcare,Small-Cap,December-2025,26366,12.10
Apar Industries Ltd.,Capital Goods,Mid-Cap,December-2025,13669,11.98
Zydus Wellness Ltd.,FMCG,Small-Cap,December-2025,270420,11.97
Kilburn Engineering Ltd.,Capital Goods,Small-Cap,December-2025,204082,11.86
Century Plyboards (India) Ltd.,Construction,Small-Cap,December-2025,144992,11.81
Newgen Software Technologies Ltd.,Technology,Small-Cap,December-2025,136293,11.76
GMM Pfaudler Ltd.,Capital Goods,Small-Cap,December-2025,103808,11.56
Ceat Ltd.,Automobile and Ancillaries,Small-Cap,December-2025,29966,11.48
Edelweiss Financial Services Ltd.,Financials,Small-Cap,December-2025,1051604,11.48
Wework India Management Ltd.,Miscellaneous,Small-Cap,December-2025,189047,11.37
PN Gadgil Jewellers Ltd.,Retail and Other Services,Small-Cap,December-2025,182937,11.32
Aarti Drugs Ltd.,Healthcare,Small-Cap,December-2025,269735,11.28
Gujarat Mineral Development Corporation Ltd.,Energy,Small-Cap,December-2025,195319,11.11
Epigral Ltd.,Chemicals,Small-Cap,December-2025,81045,11.07
Automotive Axles Ltd.,Automobile and Ancillaries,Small-Cap,December-2025,60000,11.02
Sudarshan Chemical Industries Ltd.,Chemicals,Small-Cap,December-2025,112287,11.01
Rallis India Ltd.,Chemicals,Small-Cap,December-2025,403650,10.97
Galaxy Surfactants Ltd.,FMCG,Small-Cap,December-2025,53824,10.96
SIS Ltd.,Miscellaneous,Small-Cap,December-2025,327183,10.84
Steel Strips Wheels Ltd.,Automobile and Ancillaries,Small-Cap,December-2025,557903,10.71
Gravita India Ltd.,Metals,Small-Cap,December-2025,57467,10.58
TruAlt Bioenergy Ltd.,FMCG,Small-Cap,December-2025,245797,10.44
Shreeji Shipping Global Ltd.,Logistics,Small-Cap,December-2025,299434,10.42
Avalon Technologies Ltd.,Capital Goods,Small-Cap,December-2025,112283,10.37
Kalyani Steels Ltd.,Metals,Small-Cap,December-2025,134394,10.36
Venus Pipes & Tubes Ltd.,Metals,Small-Cap,December-2025,84619,10.29
Heritage Foods Ltd.,FMCG,Small-Cap,December-2025,217031,10.23
Ratnamani Metals & Tubes Ltd.,Metals,Small-Cap,December-2025,42912,10.20
ICRA Ltd.,Miscellaneous,Small-Cap,December-2025,16391,10.06
Brigade Enterprises Ltd.,Construction,Small-Cap,December-2025,112145,9.98
Emami Ltd.,FMCG,Small-Cap,December-2025,186582,9.88
Aditya Birla Fashion and Retail Ltd.,Retail and Other Services,Small-Cap,December-2025,1272853,9.86
Arvind Smartspaces Ltd.,Construction,Small-Cap,December-2025,166329,9.86
Gujarat Narmada Valley Fertilizers & Chemicals Ltd,Chemicals,Small-Cap,December-2025,197401,9.79
Eureka Forbes Ltd.,Consumer Durables,Small-Cap,December-2025,152216,9.66
Atul Ltd.,Chemicals,Small-Cap,December-2025,15671,9.41
Alembic Pharmaceuticals Ltd.,Healthcare,Small-Cap,December-2025,101927,8.94
Brigade Hotel Ventures Ltd.,Travel,Small-Cap,December-2025,1230274,8.93
Prime Focus Ltd.,Media and Communications,Small-Cap,December-2025,486790,8.78
Latent View Analytics Ltd.,Miscellaneous,Small-Cap,December-2025,183222,8.77
Capri Global Capital Ltd.,Financials,Small-Cap,December-2025,466040,8.64
Rubicon Research Ltd.,Miscellaneous,Small-Cap,December-2025,130367,8.59
RHI Magnesita India Ltd.,Capital Goods,Small-Cap,December-2025,184917,8.54
VA Tech Wabag Ltd.,Miscellaneous,Small-Cap,December-2025,63561,8.45
Timken India Ltd.,Automobile and Ancillaries,Small-Cap,December-2025,26785,8.25
Apollo Micro Systems Ltd.,Capital Goods,Small-Cap,December-2025,328458,8.22
Carraro India Ltd.,Automobile and Ancillaries,Small-Cap,December-2025,148516,8.05
Choice International Ltd.,Financials,Small-Cap,December-2025,94471,7.76
Fujiyama Power Systems Ltd.,Capital Goods,Small-Cap,December-2025,351433,7.59
Ashapura Minechem Ltd.,Energy,Small-Cap,December-2025,83756,7.36
Indiqube Spaces Ltd.,Miscellaneous,Small-Cap,December-2025,335740,7.31
Godrej Agrovet Ltd.,Miscellaneous,Small-Cap,December-2025,125060,7.29
Aditya Vision Ltd.,Retail and Other Services,Small-Cap,December-2025,143599,7.27
Caplin Point Laboratories Ltd.,Healthcare,Small-Cap,December-2025,38041,7.13
Quality Power Electrical Equipments Ltd.,Capital Goods,Small-Cap,December-2025,96112,7.09
Healthcare Global Enterprises Ltd.,Healthcare,Small-Cap,December-2025,97174,6.77
Orient Electric Ltd.,Consumer Durables,Small-Cap,December-2025,361760,6.70
Can Fin Homes Ltd.,Financials,Small-Cap,December-2025,72910,6.62
Rainbow Children's Medicare Ltd.,Healthcare,Small-Cap,December-2025,49568,6.62
Styrenix Performance Materials Ltd.,Chemicals,Small-Cap,December-2025,32299,6.56
Elgi Equipments Ltd.,Capital Goods,Small-Cap,December-2025,131803,6.49
GR Infraprojects Ltd.,Infrastructure,Small-Cap,December-2025,61799,6.41
Arvind Fashions Ltd.,Retail and Other Services,Small-Cap,December-2025,125739,6.31
Thirumalai Chemicals Ltd.,Chemicals,Small-Cap,December-2025,272030,6.29
Laxmi Organic Industries Ltd.,Chemicals,Small-Cap,December-2025,357229,6.27
HBL Engineering Ltd.,Automobile and Ancillaries,Small-Cap,December-2025,68768,6.23
Juniper Hotels Ltd.,Travel,Small-Cap,December-2025,248400,6.15
Ivalue Infosolutions Ltd.,Consumer Durables,Small-Cap,December-2025,211720,6.15
PCBL Chemical Ltd.,Chemicals,Small-Cap,December-2025,193938,6.08
TARC Ltd.,Construction,Small-Cap,December-2025,381094,5.92
KRN Heat Exchanger And Refrigeration Ltd.,Capital Goods,Small-Cap,December-2025,74460,5.74
EFC (I) Ltd.,Miscellaneous,Small-Cap,December-2025,195000,5.66
Marathon Nextgen Realty Ltd.,Construction,Small-Cap,December-2025,100000,5.53
Sterlite Technologies Ltd.,Capital Goods,Small-Cap,December-2025,516354,5.37
Thomas Cook (India) Ltd.,Travel,Small-Cap,December-2025,356275,5.29
Orchid Pharma Ltd.,Healthcare,Small-Cap,December-2025,66329,5.28
Electronics Mart India Ltd.,Retail and Other Services,Small-Cap,December-2025,457031,5.15
Hindustan Construction Company Ltd.,Infrastructure,Small-Cap,December-2025,2291880,4.92
Signatureglobal (India) Ltd.,Construction,Small-Cap,December-2025,42588,4.77
Amara Raja Energy & Mobility Ltd.,Automobile and Ancillaries,Small-Cap,December-2025,50690,4.72
KSB Ltd.,Capital Goods,Small-Cap,December-2025,61186,4.66
Dr. Reddy's Laboratories Ltd.,Healthcare,Large-Cap,December-2025,36349,4.60
Aegis Vopak Terminals Ltd.,Miscellaneous,Small-Cap,December-2025,180045,4.59
Transport Corporation Of India Ltd.,Logistics,Small-Cap,December-2025,41370,4.49
TVS Srichakra Ltd.,Automobile and Ancillaries,Small-Cap,December-2025,9762,4.35
Sharda Motor Industries Ltd.,Automobile and Ancillaries,Small-Cap,December-2025,45936,4.31
JK Paper Ltd.,FMCG,Small-Cap,December-2025,115845,4.19
Time Technoplast Ltd.,Consumer Durables,Small-Cap,December-2025,208087,4.04
Bajel Projects Ltd.,Infrastructure,Small-Cap,December-2025,223358,3.92
Repco Home Finance Ltd.,Financials,Small-Cap,December-2025,93836,3.91
Maharashtra Scooters Ltd.,Financials,Small-Cap,December-2025,2628,3.80
Sanathan Textiles Ltd.,Textile,Small-Cap,December-2025,83896,3.79
The Karnataka Bank Ltd.,Financials,Small-Cap,December-2025,178610,3.73
V-Guard Industries Ltd.,Capital Goods,Small-Cap,December-2025,110796,3.72
SH Kelkar And Company Ltd.,Chemicals,Small-Cap,December-2025,211499,3.70
JK Tyre & Industries Ltd.,Automobile and Ancillaries,Small-Cap,December-2025,76826,3.65
Dhanuka Agritech Ltd.,Chemicals,Small-Cap,December-2025,29323,3.54
Elantas Beck India Ltd.,Chemicals,Small-Cap,December-2025,3549,3.42
Amanta Healthcare Ltd.,Healthcare,Small-Cap,December-2025,317378,3.42
Greaves Cotton Ltd.,Automobile and Ancillaries,Small-Cap,December-2025,172018,3.38
The Anup Engineering Ltd.,Capital Goods,Small-Cap,December-2025,14732,3.32
Supriya Lifescience Ltd.,Healthcare,Small-Cap,December-2025,44059,3.30
Astra Microwave Products Ltd.,Capital Goods,Small-Cap,December-2025,33441,3.20
DCM Shriram Ltd.,Diversified,Small-Cap,December-2025,25205,3.11
Hindustan Foods Ltd.,Diversified,Small-Cap,December-2025,57672,3.05
Garware Hi-Tech Films Ltd.,Consumer Durables,Small-Cap,December-2025,8368,2.95
Railtel Corporation Of India Ltd.,Media and Communications,Small-Cap,December-2025,79243,2.81
Medplus Health Services Ltd.,Retail and Other Services,Small-Cap,December-2025,33912,2.74
Zen Technologies Ltd.,Capital Goods,Small-Cap,December-2025,19242,2.67
Tilaknagar Industries Ltd.,FMCG,Small-Cap,December-2025,56635,2.64
Quess Corp Ltd.,Miscellaneous,Small-Cap,December-2025,125586,2.64
Viyash Scientific Ltd.,Healthcare,Small-Cap,December-2025,119682,2.59
Patel Engineering Ltd.,Infrastructure,Small-Cap,December-2025,796228,2.59
Hexaware Technologies Ltd.,Technology,Mid-Cap,December-2025,33338,2.54
Euro Pratik Sales Ltd.,Construction,Small-Cap,December-2025,77636,2.52
Atlanta Electricals Ltd.,Capital Goods,Small-Cap,December-2025,26761,2.44
Supreme Petrochem Ltd.,Energy,Small-Cap,December-2025,37701,2.43
Tata Investment Corporation Ltd.,Financials,Mid-Cap,December-2025,33671,2.43
Anupam Rasayan India Ltd.,Chemicals,Small-Cap,December-2025,19082,2.42
Wonderla Holidays Ltd.,Retail and Other Services,Small-Cap,December-2025,43878,2.38
Carborundum Universal Ltd.,Capital Goods,Small-Cap,December-2025,26714,2.29
ISGEC Heavy Engineering Ltd.,Infrastructure,Small-Cap,December-2025,26337,2.29
Solarworld Energy Solutions Ltd.,Infrastructure,Small-Cap,December-2025,77692,2.23
Kross Ltd.,Automobile and Ancillaries,Small-Cap,December-2025,124618,2.20
Jupiter Life Line Hospitals Ltd.,Healthcare,Small-Cap,December-2025,14946,2.15
Samhi Hotels Ltd.,Travel,Small-Cap,December-2025,110413,2.09
Ajax Engineering Ltd.,Capital Goods,Small-Cap,December-2025,32680,1.98
Nitin Spinners Ltd.,Textile,Small-Cap,December-2025,56074,1.81
Gopal Snacks Ltd.,FMCG,Small-Cap,December-2025,55741,1.80
Indian Metals & Ferro Alloys Ltd.,Metals,Small-Cap,December-2025,12497,1.77
Jaiprakash Power Ventures Ltd.,Energy,Small-Cap,December-2025,966118,1.74
UCO Bank,Financials,Mid-Cap,December-2025,559210,1.68
Central Bank Of India,Financials,Small-Cap,December-2025,444388,1.68
KRBL Ltd.,FMCG,Small-Cap,December-2025,37888,1.52
Rashtriya Chemicals and Fertilizers Ltd.,Chemicals,Small-Cap,December-2025,104317,1.50
Jindal Saw Ltd.,Metals,Small-Cap,December-2025,89787,1.48
RACL Geartech Ltd.,Automobile and Ancillaries,Small-Cap,December-2025,13224,1.45
Suprajit Engineering Ltd.,Automobile and Ancillaries,Small-Cap,December-2025,30436,1.43
Fedbank Financial Services Ltd,Financials,Small-Cap,December-2025,96271,1.43
SBI Cards And Payment Services Ltd.,Financials,Mid-Cap,December-2025,16149,1.41
TTK Prestige Ltd.,Consumer Durables,Small-Cap,December-2025,22175,1.40
Windlas Biotech Ltd.,Healthcare,Small-Cap,December-2025,17482,1.38
Nesco Ltd.,Miscellaneous,Small-Cap,December-2025,10763,1.35
Bajaj Consumer Care Ltd.,FMCG,Small-Cap,December-2025,51696,1.35
Sundram Fasteners Ltd.,Automobile and Ancillaries,Small-Cap,December-2025,13958,1.30
Adani Total Gas Ltd.,Energy,Mid-Cap,December-2025,21324,1.25
Sanghi Industries Ltd.,Construction,Small-Cap,December-2025,192329,1.24
Anirit Ventures Ltd.,Textile,Small-Cap,December-2025,255000,1.19
Datamatics Global Services Ltd.,Technology,Small-Cap,December-2025,14299,1.18
Netweb Technologies India Ltd.,Consumer Durables,Small-Cap,December-2025,3486,1.12
Vintage Coffee & Beverages Ltd.,Miscellaneous,Small-Cap,December-2025,65129,1.04
Harsha Engineers International Ltd.,Capital Goods,Small-Cap,December-2025,27256,1.04
TSF Investments Ltd.,Financials,Small-Cap,December-2025,20756,1.00
Century Enka Ltd.,Textile,Small-Cap,December-2025,21064,0.96
Olectra Greentech Ltd.,Automobile and Ancillaries,Small-Cap,December-2025,7729,0.95
MM Forgings Ltd.,Automobile and Ancillaries,Small-Cap,December-2025,26017,0.90
Rane Holdings Ltd.,Financials,Small-Cap,December-2025,6177,0.86
Flair Writing Industries Ltd.,FMCG,Small-Cap,December-2025,27680,0.85
Andhra Paper Ltd.,FMCG,Small-Cap,December-2025,123697,0.84
Gallantt Ispat Ltd.,Metals,Small-Cap,December-2025,12352,0.70
Smartworks Coworking Spaces Ltd.,Miscellaneous,Small-Cap,December-2025,14248,0.69
Reliance Infrastructure Ltd.,Energy,Small-Cap,December-2025,39662,0.67
Rolex Rings Ltd,Automobile and Ancillaries,Small-Cap,December-2025,56728,0.65
The New India Assurance Company Ltd.,Financials,Small-Cap,December-2025,39644,0.65
Procter & Gamble Health Ltd.,Healthcare,Small-Cap,December-2025,1098,0.63
VIP Industries Ltd.,Retail and Other Services,Small-Cap,December-2025,16656,0.63
Savita Oil Technologies Ltd.,Automobile and Ancillaries,Small-Cap,December-2025,16066,0.61
Swan Corp Ltd.,Textile,Small-Cap,December-2025,12556,0.58
Kaveri Seed Company Ltd.,FMCG,Small-Cap,December-2025,5679,0.56
MPS Ltd.,Media and Communications,Small-Cap,December-2025,2552,0.53
Power Mech Projects Ltd.,Infrastructure,Small-Cap,December-2025,2270,0.53
Sandur Manganese & Iron Ores Ltd.,Energy,Small-Cap,December-2025,22421,0.51
The Fertilisers And Chemicals Travancore Ltd.,Chemicals,Mid-Cap,December-2025,5653,0.51
Tejas Networks Ltd.,Media and Communications,Small-Cap,December-2025,10388,0.49
Gufic Biosciences Ltd.,Healthcare,Small-Cap,December-2025,13384,0.46
PC Jeweller Ltd.,Retail and Other Services,Small-Cap,December-2025,475568,0.46
TCI Express Ltd.,Logistics,Small-Cap,December-2025,7913,0.46
Valor Estate Ltd.,Construction,Small-Cap,December-2025,33724,0.42
Trident Ltd.,Textile,Small-Cap,December-2025,145430,0.40
Bansal Wire Industries Ltd.,Metals,Small-Cap,December-2025,12003,0.38
Sonata Software Ltd.,Technology,Small-Cap,December-2025,10431,0.37
JBM Auto Ltd.,Automobile and Ancillaries,Small-Cap,December-2025,5780,0.36
IDBI Bank Ltd.,Financials,Mid-Cap,December-2025,33007,0.34
Divgi Torqtransfer Systems Ltd.,Automobile and Ancillaries,Small-Cap,December-2025,5709,0.34
Foseco India Ltd.,Chemicals,Small-Cap,December-2025,658,0.33
Optiemus Infracom Ltd.,Miscellaneous,Small-Cap,December-2025,6017,0.32
ASK Automotive Ltd.,Automobile and Ancillaries,Small-Cap,December-2025,6517,0.32
Ramkrishna Forgings Ltd.,Automobile and Ancillaries,Small-Cap,December-2025,5138,0.28
Suryoday Small Finance Bank Ltd.,Financials,Small-Cap,December-2025,19130,0.27
Firstsource Solutions Ltd.,Technology,Small-Cap,December-2025,7675,0.26
Aarti Pharmalabs Ltd.,Healthcare,Small-Cap,December-2025,3647,0.26
IFCI Ltd.,Financials,Small-Cap,December-2025,49069,0.25
Vardhman Textiles Ltd.,Textile,Small-Cap,December-2025,5733,0.25
GPT Healthcare Ltd.,Healthcare,Small-Cap,December-2025,16729,0.24
E2E Networks Ltd.,Technology,Small-Cap,December-2025,1113,0.24
Alkyl Amines Chemicals Ltd.,Chemicals,Small-Cap,December-2025,1433,0.23
Kewal Kiran Clothing Ltd.,Textile,Small-Cap,December-2025,4201,0.21
Xpro India Ltd.,Consumer Durables,Small-Cap,December-2025,2119,0.21
Rashi Peripherals Ltd.,Miscellaneous,Small-Cap,December-2025,5677,0.19
Carysil Ltd.,FMCG,Small-Cap,December-2025,1871,0.18
Zuari Industries Ltd.,FMCG,Small-Cap,December-2025,5000,0.16
Filatex India Ltd.,Textile,Small-Cap,December-2025,30292,0.16
Balu Forge Industries Ltd.,Automobile and Ancillaries,Small-Cap,December-2025,2616,0.16
GK Energy Ltd.,Infrastructure,Small-Cap,December-2025,10018,0.16
Vishnu Chemicals Ltd.,Chemicals,Small-Cap,December-2025,2861,0.15
Huhtamaki India Ltd.,FMCG,Small-Cap,December-2025,6671,0.14
Star Cement Ltd.,Construction,Small-Cap,December-2025,6026,0.14
Bombay Burmah Trading Corporation Ltd.,Automobile and Ancillaries,Small-Cap,December-2025,569,0.11
Alok Industries Ltd.,Textile,Small-Cap,December-2025,65455,0.11
Borosil Ltd.,Consumer Durables,Small-Cap,December-2025,3216,0.10
Relaxo Footwears Ltd.,FMCG,Small-Cap,December-2025,1888,0.08
India Glycols Ltd.,FMCG,Small-Cap,December-2025,698,0.07
Tata Teleservices (Maharashtra) Ltd.,Media and Communications,Small-Cap,December-2025,12981,0.07
Cello World Ltd.,Miscellaneous,Small-Cap,December-2025,1035,0.06
ITI Ltd.,Media and Communications,Small-Cap,December-2025,1627,0.05
Man InfraConstruction Ltd.,Infrastructure,Small-Cap,December-2025,3710,0.05
Rajratan Global Wire Ltd.,Automobile and Ancillaries,Small-Cap,December-2025,711,0.03
eMudhra Ltd.,Technology,Small-Cap,December-2025,353,0.02
Redtape Ltd.,Retail and Other Services,Small-Cap,December-2025,1890,0.02
Fischer Medical Ventures Ltd.,Miscellaneous,Small-Cap,December-2025,1532,0.01
Jindal Worldwide Ltd.,Textile,Small-Cap,December-2025,2996,0.01
Bajaj Healthcare Ltd.,Healthcare,Small-Cap,December-2025,179,0.01
Unimech Aerospace and Manufacturing Ltd.,Capital Goods,Small-Cap,December-2025,101,0.01
Bombay Dyeing And Manufacturing Company Ltd.,Textile,Small-Cap,December-2025,6,0.00
Bajaj Hindusthan Sugar Ltd.,FMCG,Small-Cap,December-2025,163,0.00
Bhansali Engineering Polymers Ltd.,Chemicals,Small-Cap,December-2025,6,0.00
Mahanagar Telephone Nigam Ltd.,Media and Communications,Small-Cap,December-2025,18,0.00
DCW Ltd.,Chemicals,Small-Cap,December-2025,10,0.00
Uflex Ltd.,FMCG,Small-Cap,December-2025,2,0.00
Hindustan Oil Exploration Company Ltd.,Energy,Small-Cap,December-2025,7,0.00
Sundrop Brands Ltd.,FMCG,Small-Cap,December-2025,1,0.00
Jindal Poly Films Ltd.,Textile,Small-Cap,December-2025,1,0.00
Morepen Laboratories Ltd.,Healthcare,Small-Cap,December-2025,340,0.00
Heidelberg Cement India Ltd.,Construction,Small-Cap,December-2025,5,0.00
Raymond Ltd.,Travel,Small-Cap,December-2025,91,0.00
Swaraj Engines Ltd.,Automobile and Ancillaries,Small-Cap,December-2025,1,0.00
Timex Group India Ltd.,Consumer Durables,Small-Cap,December-2025,3,0.00
Mukand Ltd.,Metals,Small-Cap,December-2025,2,0.00
Novartis India Ltd.,Miscellaneous,Small-Cap,December-2025,6,0.00
Nocil Ltd.,Chemicals,Small-Cap,December-2025,7,0.00
Seshasayee Paper and Boards Ltd.,FMCG,Small-Cap,December-2025,1,0.00
Nelco Ltd.,Consumer Durables,Small-Cap,December-2025,1,0.00
Responsive Industries Ltd.,Consumer Durables,Small-Cap,December-2025,3,0.00
Grauer & Weil (India) Ltd.,Chemicals,Small-Cap,December-2025,9,0.00
Federal-Mogul Goetze (India) Ltd.,Automobile and Ancillaries,Small-Cap,December-2025,1,0.00
WPIL Ltd.,Capital Goods,Small-Cap,December-2025,1,0.00
Prakash Industries Ltd.,Metals,Small-Cap,December-2025,7,0.00
Bliss GVS Pharma Ltd.,Healthcare,Small-Cap,December-2025,64,0.00
Alembic Ltd.,Construction,Small-Cap,December-2025,5,0.00
Fermenta Biotech Ltd.,Healthcare,Small-Cap,December-2025,8,0.00
GOCL Corporation Ltd.,Chemicals,Small-Cap,December-2025,8,0.00
Unichem Laboratories Ltd.,Healthcare,Small-Cap,December-2025,21,0.00
Gujarat Themis Biosyn Ltd.,Healthcare,Small-Cap,December-2025,29,0.00
Cosmo First Ltd.,Consumer Durables,Small-Cap,December-2025,1,0.00
Navneet Education Ltd.,Media and Communications,Small-Cap,December-2025,6,0.00
Kothari Industrial Corporation Ltd.,Chemicals,Small-Cap,December-2025,41,0.00
Jai Corp Ltd.,Consumer Durables,Small-Cap,December-2025,3,0.00
SG Mart Ltd.,Miscellaneous,Small-Cap,December-2025,4,0.00
Himatsingka Seide Ltd.,Textile,Small-Cap,December-2025,5,0.00
Sangam (India) Ltd.,Textile,Small-Cap,December-2025,1,0.00
Gujarat Industries Power Company Ltd.,Energy,Small-Cap,December-2025,4,0.00
Vadilal Industries Ltd.,FMCG,Small-Cap,December-2025,1,0.00
Shanthi Gears Ltd.,Automobile and Ancillaries,Small-Cap,December-2025,2,0.00
HLE Glascoat Ltd.,Capital Goods,Small-Cap,December-2025,3,0.00
Mayur Uniquoters Ltd.,FMCG,Small-Cap,December-2025,1,0.00
EIH Associated Hotels Ltd.,Travel,Small-Cap,December-2025,1,0.00
Morganite Crucible (India) Ltd.,Capital Goods,Small-Cap,December-2025,16,0.00
Balmer Lawrie & Company Ltd.,Diversified,Small-Cap,December-2025,4,0.00
Ashiana Housing Ltd.,Construction,Small-Cap,December-2025,3,0.00
IOL Chemicals And Pharmaceuticals Ltd.,Healthcare,Small-Cap,December-2025,111,0.00
Wanbury Ltd.,Healthcare,Small-Cap,December-2025,17,0.00
Kopran Ltd.,Healthcare,Small-Cap,December-2025,23,0.00
Vimta Labs Ltd.,Miscellaneous,Small-Cap,December-2025,34,0.00
Syncom Formulations (India) Ltd.,Healthcare,Small-Cap,December-2025,418,0.00
KMC Speciality Hospitals (India) Ltd.,Healthcare,Small-Cap,December-2025,33,0.00
NACL Industries Ltd.,Chemicals,Small-Cap,December-2025,68,0.00
Panama Petrochem Ltd.,Automobile and Ancillaries,Small-Cap,December-2025,2,0.00
Goldiam International Ltd.,Retail and Other Services,Small-Cap,December-2025,12,0.00
Confidence Petroleum India Ltd.,Energy,Small-Cap,December-2025,10,0.00
63 Moons Technologies Ltd.,Technology,Small-Cap,December-2025,2,0.00
Gujarat Alkalies And Chemicals Ltd.,Chemicals,Small-Cap,December-2025,1,0.00
Sanghvi Movers Ltd.,Logistics,Small-Cap,December-2025,3,0.00
Themis Medicare Ltd.,Healthcare,Small-Cap,December-2025,27,0.00
Suven Life Sciences Ltd.,Healthcare,Small-Cap,December-2025,171,0.00
Piccadily Agro Industries Ltd.,FMCG,Small-Cap,December-2025,67,0.00
Genus Power Infrastructures Ltd.,Capital Goods,Small-Cap,December-2025,8,0.00
Goodluck India Ltd.,Metals,Small-Cap,December-2025,1,0.00
Nucleus Software Exports Ltd.,Technology,Small-Cap,December-2025,1,0.00
Panacea Biotec Ltd.,Healthcare,Small-Cap,December-2025,14,0.00
Eveready Industries India Ltd.,Automobile and Ancillaries,Small-Cap,December-2025,1,0.00
Lincoln Pharmaceuticals Ltd.,Healthcare,Small-Cap,December-2025,8,0.00
Vidhi Specialty Food Ingredients Ltd.,Chemicals,Small-Cap,December-2025,2,0.00
Apollo Pipes Ltd.,Consumer Durables,Small-Cap,December-2025,5,0.00
Sindhu Trade Links Ltd.,Logistics,Small-Cap,December-2025,25,0.00
3B Blackbio Dx Ltd.,Healthcare,Small-Cap,December-2025,3,0.00
Indraprastha Medical Corporation Ltd.,Healthcare,Small-Cap,December-2025,44,0.00
India Tourism Development Corporation Ltd.,Travel,Small-Cap,December-2025,1,0.00
PNB Gilts Ltd.,Financials,Small-Cap,December-2025,3,0.00
Ramco Industries Ltd.,Construction,Small-Cap,December-2025,2,0.00
Axiscades Technologies Ltd.,Technology,Small-Cap,December-2025,2,0.00
BF Utilities Ltd.,Energy,Small-Cap,December-2025,1,0.00
Pokarna Ltd.,Construction,Small-Cap,December-2025,1,0.00
Indoco Remedies Ltd.,Healthcare,Small-Cap,December-2025,37,0.00
Nectar Lifesciences Ltd.,Healthcare,Small-Cap,December-2025,78,0.00
Globus Spirits Ltd.,FMCG,Small-Cap,December-2025,1,0.00
SEPC Ltd.,Infrastructure,Small-Cap,December-2025,186,0.00
Kiri Industries Ltd.,Chemicals,Small-Cap,December-2025,3,0.00
RPG Life Sciences Ltd.,Healthcare,Small-Cap,December-2025,6,0.00
Dollar Industries Ltd.,Textile,Small-Cap,December-2025,1,0.00
Sastasundar Ventures Ltd.,Financials,Small-Cap,December-2025,7,0.00
Rama Steel Tubes Ltd.,Metals,Small-Cap,December-2025,389,0.00
Ramky Infrastructure Ltd.,Infrastructure,Small-Cap,December-2025,1,0.00
Tamilnad Mercantile Bank Ltd.,Financials,Small-Cap,December-2025,7,0.00
Happy Forgings Ltd.,Automobile and Ancillaries,Small-Cap,December-2025,1,0.00
Fineotex Chemical Ltd.,Chemicals,Small-Cap,December-2025,27,0.00
Keystone Realtors Ltd,Construction,Small-Cap,December-2025,2,0.00
Hathway Cable & Datacom Ltd.,Media and Communications,Small-Cap,December-2025,28,0.00
Tarsons Products Ltd.,Consumer Durables,Small-Cap,December-2025,15,0.00
Sai Silks (Kalamandir) Ltd.,Retail and Other Services,Small-Cap,December-2025,3,0.00
Den Networks Ltd.,Media and Communications,Small-Cap,December-2025,7,0.00
Cantabil Retail India Ltd.,Textile,Small-Cap,December-2025,1,0.00
BF Investment Ltd.,Financials,Small-Cap,December-2025,1,0.00
Quick Heal Technologies Ltd.,Technology,Small-Cap,December-2025,1,0.00
Tatva Chintan Pharma Chem Ltd.,Chemicals,Small-Cap,December-2025,1,0.00
Parag Milk Foods Ltd.,FMCG,Small-Cap,December-2025,19,0.00
SG Finserve Ltd.,Financials,Small-Cap,December-2025,3,0.00
Rossari Biotech Ltd.,Chemicals,Small-Cap,December-2025,1,0.00
Indostar Capital Finance Ltd.,Financials,Small-Cap,December-2025,2,0.00
Shalby Ltd.,Healthcare,Small-Cap,December-2025,25,0.00
JTL Industries Ltd,Metals,Small-Cap,December-2025,63,0.00
IFGL Refractories Ltd.,Capital Goods,Small-Cap,December-2025,1,0.00
Magellanic Cloud Ltd.,Technology,Small-Cap,December-2025,15,0.00
Ideaforge Technology Ltd.,Capital Goods,Small-Cap,December-2025,4,0.00
Suraksha Diagnostic Ltd.,Healthcare,Small-Cap,December-2025,19,0.00
PDS Ltd.,Miscellaneous,Small-Cap,December-2025,3,0.00
Uniparts India Ltd.,Capital Goods,Small-Cap,December-2025,1,0.00
Gokul Agro Resources Ltd.,FMCG,Small-Cap,December-2025,5,0.00
Kwality Pharmaceuticals Ltd.,Healthcare,Small-Cap,December-2025,2,0.00
Muthoot Microfin Ltd.,Financials,Small-Cap,December-2025,2,0.00
PSP Projects Ltd.,Construction,Small-Cap,December-2025,2,0.00
Capacit'e Infraprojects Ltd.,Construction,Small-Cap,December-2025,3,0.00
Shree Ganesh Remedies Ltd.,Healthcare,Small-Cap,December-2025,3,0.00
SIRCA Paints India Ltd.,Miscellaneous,Small-Cap,December-2025,4,0.00
Solara Active Pharma Sciences Ltd.,Healthcare,Small-Cap,December-2025,29,0.00
Hindware Home Innovation Ltd.,Miscellaneous,Small-Cap,December-2025,3,0.00
Sigachi Industries Ltd.,Chemicals,Small-Cap,December-2025,966,0.00
India Pesticides Ltd.,Chemicals,Small-Cap,December-2025,2,0.00
Meghmani Organics Ltd.,Chemicals,Small-Cap,December-2025,9,0.00
Fino Payments Bank Ltd.,Financials,Small-Cap,December-2025,2,0.00
DCX Systems Ltd.,Capital Goods,Small-Cap,December-2025,3,0.00
EMS Ltd.,Infrastructure,Small-Cap,December-2025,1,0.00
Vishnu Prakash R Punglia Ltd.,Infrastructure,Small-Cap,December-2025,33,0.00

Disclaimer -   All necessary precautions have been taken to avoid any error 
 lapse or insufficiency in preparing this report ; however ; no representations 
 or warranties are made (express or implied) as to the reliability 
 accuracy or completeness of such information. The Company cannot 
be held liable for the contents of this report or for any action taken on its basis.